"54, Îç°à, 480Min, 13:30-17:00 19:00-23:30","85, °×°à, 510Min, 08:30-12:30 14:00-18:30",ÐÝÏ¢,"24, Ôç°à, 420Min, 07:30-11:30 12:30-15:30","87, °×°à, 480Min, 09:00-12:30 14:00-18:30",ÐÝÏ¢,"75, ÖÐ°à, 480Min, 11:30-16:30 17:30-20:30","50, Ìø°à, 510Min, 09:30-13:30 18:30-23:00","90, °×°à, 480Min, 09:00-13:00 14:30-18:30",ÐÝÏ¢,"87, °×°à, 480Min, 09:00-12:30 14:00-18:30","90, °×°à, 480Min, 09:00-13:00 14:30-18:30",ÐÝÏ¢,"84, °×°à, 480Min, 09:30-13:00 15:00-19:30","15, Ôç°à, 420Min, 07:00-11:00 12:00-15:00",ÐÝÏ¢,"15, Ôç°à, 420Min, 07:00-11:00 12:00-15:00","52, Îç°à, 510Min, 13:30-17:00 18:00-23:00","83, °×°à, 480Min, 09:30-13:00 14:30-19:00",ÐÝÏ¢,"10, ³¿°à, 480Min, 08:30-12:00 13:00-17:30","59, Îç°à, 480Min, 13:30-17:30 19:30-23:30","42, Ìø°à, 540Min, 09:00-13:30 18:30-23:00",ÐÝÏ¢,"24, Ôç°à, 420Min, 07:30-11:30 12:30-15:30","84, °×°à, 480Min, 09:30-13:00 15:00-19:30",ÐÝÏ¢,"10, ³¿°à, 480Min, 08:30-12:00 13:00-17:30","42, Ìø°à, 540Min, 09:00-13:30 18:30-23:00","15, Ôç°à, 420Min, 07:00-11:00 12:00-15:00",ÐÝÏ¢
"84, °×°à, 480Min, 09:30-13:00 15:00-19:30","15, Ôç°à, 420Min, 07:00-11:00 12:00-15:00",ÐÝÏ¢,"91, °×°à, 510Min, 09:00-13:00 14:30-19:00","59, Îç°à, 480Min, 13:30-17:30 19:30-23:30",ÐÝÏ¢,"20, Ôç°à, 420Min, 07:30-11:00 12:00-15:30","14, ³¿°à, 480Min, 08:30-12:00 13:30-18:00",ÐÝÏ¢,"15, Ôç°à, 420Min, 07:00-11:00 12:00-15:00","84, °×°à, 480Min, 09:30-13:00 15:00-19:30",ÐÝÏ¢,"13, ³¿°à, 480Min, 08:30-12:30 14:00-18:00","20, Ôç°à, 420Min, 07:30-11:00 12:00-15:30",ÐÝÏ¢,"27, Ôç°à, 420Min, 07:30-11:30 13:00-16:00","59, Îç°à, 480Min, 13:30-17:30 19:30-23:30",ÐÝÏ¢,"84, °×°à, 480Min, 09:30-13:00 15:00-19:30","43, Ìø°à, 480Min, 09:30-13:00 17:30-22:00",ÐÝÏ¢,"87, °×°à, 480Min, 09:00-12:30 14:00-18:30","84, °×°à, 480Min, 09:30-13:00 15:00-19:30","28, Ôç°à, 450Min, 07:30-11:30 13:00-16:30",ÐÝÏ¢,"83, °×°à, 480Min, 09:30-13:00 14:30-19:00","33, Ìø°à, 480Min, 09:00-13:00 18:00-22:00",ÐÝÏ¢,"85, °×°à, 510Min, 08:30-12:30 14:00-18:30","15, Ôç°à, 420Min, 07:00-11:00 12:00-15:00",ÐÝÏ¢
"61, Îç°à, 480Min, 13:00-16:30 18:00-22:30",ÐÝÏ¢,"91, °×°à, 510Min, 09:00-13:00 14:30-19:00","84, °×°à, 480Min, 09:30-13:00 15:00-19:30",ÐÝÏ¢,"15, Ôç°à, 420Min, 07:00-11:00 12:00-15:00","14, ³¿°à, 480Min, 08:30-12:00 13:30-18:00","27, Ôç°à, 420Min, 07:30-11:30 13:00-16:00","13, ³¿°à, 480Min, 08:30-12:30 14:00-18:00","84, °×°à, 480Min, 09:30-13:00 15:00-19:30",ÐÝÏ¢,"84, °×°à, 480Min, 09:30-13:00 15:00-19:30","15, Ôç°à, 420Min, 07:00-11:00 12:00-15:00",ÐÝÏ¢,"85, °×°à, 510Min, 08:30-12:30 14:00-18:30","13, ³¿°à, 480Min, 08:30-12:30 14:00-18:00","15, Ôç°à, 420Min, 07:00-11:00 12:00-15:00",ÐÝÏ¢,"59, Îç°à, 480Min, 13:30-17:30 19:30-23:30","24, Ôç°à, 420Min, 07:30-11:30 12:30-15:30",ÐÝÏ¢,"91, °×°à, 510Min, 09:00-13:00 14:30-19:00","85, °×°à, 510Min, 08:30-12:30 14:00-18:30",ÐÝÏ¢,"36, Ìø°à, 510Min, 09:00-13:30 17:30-21:30","27, Ôç°à, 420Min, 07:30-11:30 13:00-16:00",ÐÝÏ¢,"24, Ôç°à, 420Min, 07:30-11:30 12:30-15:30","59, Îç°à, 480Min, 13:30-17:30 19:30-23:30",ÐÝÏ¢,"33, Ìø°à, 480Min, 09:00-13:00 18:00-22:00"
ÐÝÏ¢,"4, ³¿°à, 480Min, 08:00-12:00 13:30-17:30","50, Ìø°à, 510Min, 09:30-13:30 18:30-23:00",ÐÝÏ¢,"84, °×°à, 480Min, 09:30-13:00 15:00-19:30","87, °×°à, 480Min, 09:00-12:30 14:00-18:30",ÐÝÏ¢,"39, Ìø°à, 540Min, 09:00-13:30 18:00-22:30","59, Îç°à, 480Min, 13:30-17:30 19:30-23:30",ÐÝÏ¢,"59, Îç°à, 480Min, 13:30-17:30 19:30-23:30","2, ³¿°à, 480Min, 08:00-12:00 13:00-17:00",ÐÝÏ¢,"10, ³¿°à, 480Min, 08:30-12:00 13:00-17:30","4, ³¿°à, 480Min, 08:00-12:00 13:30-17:30","15, Ôç°à, 420Min, 07:00-11:00 12:00-15:00",ÐÝÏ¢,"84, °×°à, 480Min, 09:30-13:00 15:00-19:30","15, Ôç°à, 420Min, 07:00-11:00 12:00-15:00",ÐÝÏ¢,"10, ³¿°à, 480Min, 08:30-12:00 13:00-17:30","34, Ìø°à, 510Min, 09:00-13:00 18:00-22:30",ÐÝÏ¢,"27, Ôç°à, 420Min, 07:30-11:30 13:00-16:00","59, Îç°à, 480Min, 13:30-17:30 19:30-23:30","27, Ôç°à, 420Min, 07:30-11:30 13:00-16:00",ÐÝÏ¢,"15, Ôç°à, 420Min, 07:00-11:00 12:00-15:00","10, ³¿°à, 480Min, 08:30-12:00 13:00-17:30",ÐÝÏ¢,"50, Ìø°à, 510Min, 09:30-13:30 18:30-23:00"
"50, Ìø°à, 510Min, 09:30-13:30 18:30-23:00","59, Îç°à, 480Min, 13:30-17:30 19:30-23:30",ÐÝÏ¢,"59, Îç°à, 480Min, 13:30-17:30 19:30-23:30","75, ÖÐ°à, 480Min, 11:30-16:30 17:30-20:30",ÐÝÏ¢,"24, Ôç°à, 420Min, 07:30-11:30 12:30-15:30","92, °×°à, 480Min, 09:30-13:00 14:00-18:30",ÐÝÏ¢,"90, °×°à, 480Min, 09:00-13:00 14:30-18:30","50, Ìø°à, 510Min, 09:30-13:30 18:30-23:00","24, Ôç°à, 420Min, 07:30-11:30 12:30-15:30",ÐÝÏ¢,"10, ³¿°à, 480Min, 08:30-12:00 13:00-17:30","39, Ìø°à, 540Min, 09:00-13:30 18:00-22:30","15, Ôç°à, 420Min, 07:00-11:00 12:00-15:00",ÐÝÏ¢,"15, Ôç°à, 420Min, 07:00-11:00 12:00-15:00","92, °×°à, 480Min, 09:30-13:00 14:00-18:30",ÐÝÏ¢,"84, °×°à, 480Min, 09:30-13:00 15:00-19:30","15, Ôç°à, 420Min, 07:00-11:00 12:00-15:00","84, °×°à, 480Min, 09:30-13:00 15:00-19:30","42, Ìø°à, 540Min, 09:00-13:30 18:30-23:00","59, Îç°à, 480Min, 13:30-17:30 19:30-23:30",ÐÝÏ¢,"27, Ôç°à, 420Min, 07:30-11:30 13:00-16:00","87, °×°à, 480Min, 09:00-12:30 14:00-18:30",ÐÝÏ¢,"15, Ôç°à, 420Min, 07:00-11:00 12:00-15:00","84, °×°à, 480Min, 09:30-13:00 15:00-19:30"
"24, Ôç°à, 420Min, 07:30-11:30 12:30-15:30","2, ³¿°à, 480Min, 08:00-12:00 13:00-17:00",ÐÝÏ¢,"33, Ìø°à, 480Min, 09:00-13:00 18:00-22:00","59, Îç°à, 480Min, 13:30-17:30 19:30-23:30",ÐÝÏ¢,"84, °×°à, 480Min, 09:30-13:00 15:00-19:30","15, Ôç°à, 420Min, 07:00-11:00 12:00-15:00",ÐÝÏ¢,"24, Ôç°à, 420Min, 07:30-11:30 12:30-15:30","13, ³¿°à, 480Min, 08:30-12:30 14:00-18:00","91, °×°à, 510Min, 09:00-13:00 14:30-19:00","15, Ôç°à, 420Min, 07:00-11:00 12:00-15:00",ÐÝÏ¢,"2, ³¿°à, 480Min, 08:00-12:00 13:00-17:00","85, °×°à, 510Min, 08:30-12:30 14:00-18:30",ÐÝÏ¢,"2, ³¿°à, 480Min, 08:00-12:00 13:00-17:00","15, Ôç°à, 420Min, 07:00-11:00 12:00-15:00",ÐÝÏ¢,"24, Ôç°à, 420Min, 07:30-11:30 12:30-15:30","84, °×°à, 480Min, 09:30-13:00 15:00-19:30",ÐÝÏ¢,"85, °×°à, 510Min, 08:30-12:30 14:00-18:30","85, °×°à, 510Min, 08:30-12:30 14:00-18:30",ÐÝÏ¢,"49, Ìø°à, 480Min, 09:30-13:30 18:30-22:30","24, Ôç°à, 420Min, 07:30-11:30 12:30-15:30",ÐÝÏ¢,"59, Îç°à, 480Min, 13:30-17:30 19:30-23:30","13, ³¿°à, 480Min, 08:30-12:30 14:00-18:00"
"2, ³¿°à, 480Min, 08:00-12:00 13:00-17:00","85, °×°à, 510Min, 08:30-12:30 14:00-18:30","75, ÖÐ°à, 480Min, 11:30-16:30 17:30-20:30","15, Ôç°à, 420Min, 07:00-11:00 12:00-15:00",ÐÝÏ¢,"87, °×°à, 480Min, 09:00-12:30 14:00-18:30","24, Ôç°à, 420Min, 07:30-11:30 12:30-15:30","14, ³¿°à, 480Min, 08:30-12:00 13:30-18:00",ÐÝÏ¢,"14, ³¿°à, 480Min, 08:30-12:00 13:30-18:00","59, Îç°à, 480Min, 13:30-17:30 19:30-23:30",ÐÝÏ¢,"44, Ìø°à, 480Min, 09:30-13:00 18:00-22:30","15, Ôç°à, 420Min, 07:00-11:00 12:00-15:00",ÐÝÏ¢,"4, ³¿°à, 480Min, 08:00-12:00 13:30-17:30","14, ³¿°à, 480Min, 08:30-12:00 13:30-18:00",ÐÝÏ¢,"59, Îç°à, 480Min, 13:30-17:30 19:30-23:30","15, Ôç°à, 420Min, 07:00-11:00 12:00-15:00",ÐÝÏ¢,"83, °×°à, 480Min, 09:30-13:00 14:30-19:00","33, Ìø°à, 480Min, 09:00-13:00 18:00-22:00",ÐÝÏ¢,"84, °×°à, 480Min, 09:30-13:00 15:00-19:30","14, ³¿°à, 480Min, 08:30-12:00 13:30-18:00",ÐÝÏ¢,"18, Ôç°à, 420Min, 07:00-11:00 12:30-15:30","84, °×°à, 480Min, 09:30-13:00 15:00-19:30",ÐÝÏ¢,"85, °×°à, 510Min, 08:30-12:30 14:00-18:30"
"14, ³¿°à, 480Min, 08:30-12:00 13:30-18:00",ÐÝÏ¢,"84, °×°à, 480Min, 09:30-13:00 15:00-19:30","14, ³¿°à, 480Min, 08:30-12:00 13:30-18:00","40, Ìø°à, 480Min, 09:00-13:30 18:30-22:00","27, Ôç°à, 420Min, 07:30-11:30 13:00-16:00",ÐÝÏ¢,"84, °×°à, 480Min, 09:30-13:00 15:00-19:30","59, Îç°à, 480Min, 13:30-17:30 19:30-23:30","33, Ìø°à, 480Min, 09:00-13:00 18:00-22:00",ÐÝÏ¢,"59, Îç°à, 480Min, 13:30-17:30 19:30-23:30","15, Ôç°à, 420Min, 07:00-11:00 12:00-15:00",ÐÝÏ¢,"84, °×°à, 480Min, 09:30-13:00 15:00-19:30","42, Ìø°à, 540Min, 09:00-13:30 18:30-23:00","15, Ôç°à, 420Min, 07:00-11:00 12:00-15:00",ÐÝÏ¢,"8, ³¿°à, 480Min, 08:00-12:30 14:00-17:30","47, Ìø°à, 480Min, 09:30-13:30 18:00-22:00",ÐÝÏ¢,"2, ³¿°à, 480Min, 08:00-12:00 13:00-17:00","14, ³¿°à, 480Min, 08:30-12:00 13:30-18:00","84, °×°à, 480Min, 09:30-13:00 15:00-19:30",ÐÝÏ¢,"75, ÖÐ°à, 480Min, 11:30-16:30 17:30-20:30","27, Ôç°à, 420Min, 07:30-11:30 13:00-16:00",ÐÝÏ¢,"15, Ôç°à, 420Min, 07:00-11:00 12:00-15:00","91, °×°à, 510Min, 09:00-13:00 14:30-19:00","2, ³¿°à, 480Min, 08:00-12:00 13:00-17:00"
"78, ÖÐ°à, 480Min, 11:30-16:00 17:00-20:30","44, Ìø°à, 480Min, 09:30-13:00 18:00-22:30",ÐÝÏ¢,"15, Ôç°à, 420Min, 07:00-11:00 12:00-15:00","85, °×°à, 510Min, 08:30-12:30 14:00-18:30",ÐÝÏ¢,"18, Ôç°à, 420Min, 07:00-11:00 12:30-15:30","4, ³¿°à, 480Min, 08:00-12:00 13:30-17:30","44, Ìø°à, 480Min, 09:30-13:00 18:00-22:30",ÐÝÏ¢,"75, ÖÐ°à, 480Min, 11:30-16:30 17:30-20:30","90, °×°à, 480Min, 09:00-13:00 14:30-18:30","27, Ôç°à, 420Min, 07:30-11:30 13:00-16:00",ÐÝÏ¢,"59, Îç°à, 480Min, 13:30-17:30 19:30-23:30","27, Ôç°à, 420Min, 07:30-11:30 13:00-16:00",ÐÝÏ¢,"24, Ôç°à, 420Min, 07:30-11:30 12:30-15:30","13, ³¿°à, 480Min, 08:30-12:30 14:00-18:00","11, ³¿°à, 480Min, 08:30-12:30 13:30-17:30",ÐÝÏ¢,"78, ÖÐ°à, 480Min, 11:30-16:00 17:00-20:30","75, ÖÐ°à, 480Min, 11:30-16:30 17:30-20:30",ÐÝÏ¢,"62, Îç°à, 480Min, 13:00-16:30 18:30-23:00","44, Ìø°à, 480Min, 09:30-13:00 18:00-22:30",ÐÝÏ¢,"86, °×°à, 480Min, 09:00-12:30 13:30-18:00","87, °×°à, 480Min, 09:00-12:30 14:00-18:30","34, Ìø°à, 510Min, 09:00-13:00 18:00-22:30","15, Ôç°à, 420Min, 07:00-11:00 12:00-15:00"
"8, ³¿°à, 480Min, 08:00-12:30 14:00-17:30","24, Ôç°à, 420Min, 07:30-11:30 12:30-15:30","85, °×°à, 510Min, 08:30-12:30 14:00-18:30","90, °×°à, 480Min, 09:00-13:00 14:30-18:30",ÐÝÏ¢,"84, °×°à, 480Min, 09:30-13:00 15:00-19:30","33, Ìø°à, 480Min, 09:00-13:00 18:00-22:00",ÐÝÏ¢,"27, Ôç°à, 420Min, 07:30-11:30 13:00-16:00","85, °×°à, 510Min, 08:30-12:30 14:00-18:30",ÐÝÏ¢,"85, °×°à, 510Min, 08:30-12:30 14:00-18:30","59, Îç°à, 480Min, 13:30-17:30 19:30-23:30",ÐÝÏ¢,"36, Ìø°à, 510Min, 09:00-13:30 17:30-21:30","91, °×°à, 510Min, 09:00-13:00 14:30-19:00",ÐÝÏ¢,"13, ³¿°à, 480Min, 08:30-12:30 14:00-18:00","24, Ôç°à, 420Min, 07:30-11:30 12:30-15:30",ÐÝÏ¢,"90, °×°à, 480Min, 09:00-13:00 14:30-18:30","15, Ôç°à, 420Min, 07:00-11:00 12:00-15:00","59, Îç°à, 480Min, 13:30-17:30 19:30-23:30",ÐÝÏ¢,"85, °×°à, 510Min, 08:30-12:30 14:00-18:30","24, Ôç°à, 420Min, 07:30-11:30 12:30-15:30",ÐÝÏ¢,"14, ³¿°à, 480Min, 08:30-12:00 13:30-18:00","59, Îç°à, 480Min, 13:30-17:30 19:30-23:30","90, °×°à, 480Min, 09:00-13:00 14:30-18:30",ÐÝÏ¢
ÐÝÏ¢,"2, ³¿°à, 480Min, 08:00-12:00 13:00-17:00","33, Ìø°à, 480Min, 09:00-13:00 18:00-22:00",ÐÝÏ¢,"84, °×°à, 480Min, 09:30-13:00 15:00-19:30","15, Ôç°à, 420Min, 07:00-11:00 12:00-15:00",ÐÝÏ¢,"2, ³¿°à, 480Min, 08:00-12:00 13:00-17:00","15, Ôç°à, 420Min, 07:00-11:00 12:00-15:00",ÐÝÏ¢,"18, Ôç°à, 420Min, 07:00-11:00 12:30-15:30","62, Îç°à, 480Min, 13:00-16:30 18:30-23:00",ÐÝÏ¢,"43, Ìø°à, 480Min, 09:30-13:00 17:30-22:00","15, Ôç°à, 420Min, 07:00-11:00 12:00-15:00",ÐÝÏ¢,"27, Ôç°à, 420Min, 07:30-11:30 13:00-16:00","14, ³¿°à, 480Min, 08:30-12:00 13:30-18:00",ÐÝÏ¢,"84, °×°à, 480Min, 09:30-13:00 15:00-19:30","24, Ôç°à, 420Min, 07:30-11:30 12:30-15:30","2, ³¿°à, 480Min, 08:00-12:00 13:00-17:00",ÐÝÏ¢,"84, °×°à, 480Min, 09:30-13:00 15:00-19:30","15, Ôç°à, 420Min, 07:00-11:00 12:00-15:00",ÐÝÏ¢,"90, °×°à, 480Min, 09:00-13:00 14:30-18:30","59, Îç°à, 480Min, 13:30-17:30 19:30-23:30","84, °×°à, 480Min, 09:30-13:00 15:00-19:30",ÐÝÏ¢,"91, °×°à, 510Min, 09:00-13:00 14:30-19:00"
ÐÝÏ¢,"84, °×°à, 480Min, 09:30-13:00 15:00-19:30","15, Ôç°à, 420Min, 07:00-11:00 12:00-15:00",ÐÝÏ¢,"24, Ôç°à, 420Min, 07:30-11:30 12:30-15:30","13, ³¿°à, 480Min, 08:30-12:30 14:00-18:00","59, Îç°à, 480Min, 13:30-17:30 19:30-23:30",ÐÝÏ¢,"33, Ìø°à, 480Min, 09:00-13:00 18:00-22:00","84, °×°à, 480Min, 09:30-13:00 15:00-19:30",ÐÝÏ¢,"15, Ôç°à, 420Min, 07:00-11:00 12:00-15:00","59, Îç°à, 480Min, 13:30-17:30 19:30-23:30",ÐÝÏ¢,"24, Ôç°à, 420Min, 07:30-11:30 12:30-15:30","84, °×°à, 480Min, 09:30-13:00 15:00-19:30","24, Ôç°à, 420Min, 07:30-11:30 12:30-15:30",ÐÝÏ¢,"24, Ôç°à, 420Min, 07:30-11:30 12:30-15:30","13, ³¿°à, 480Min, 08:30-12:30 14:00-18:00",ÐÝÏ¢,"30, Ìø°à, 510Min, 09:00-13:00 17:00-21:30","18, Ôç°à, 420Min, 07:00-11:00 12:30-15:30",ÐÝÏ¢,"84, °×°à, 480Min, 09:30-13:00 15:00-19:30","87, °×°à, 480Min, 09:00-12:30 14:00-18:30","59, Îç°à, 480Min, 13:30-17:30 19:30-23:30",ÐÝÏ¢,"14, ³¿°à, 480Min, 08:30-12:00 13:30-18:00","14, ³¿°à, 480Min, 08:30-12:00 13:30-18:00",ÐÝÏ¢
ÐÝÏ¢,"36, Ìø°à, 510Min, 09:00-13:30 17:30-21:30","27, Ôç°à, 420Min, 07:30-11:30 13:00-16:00",ÐÝÏ¢,"15, Ôç°à, 420Min, 07:00-11:00 12:00-15:00","87, °×°à, 480Min, 09:00-12:30 14:00-18:30",ÐÝÏ¢,"84, °×°à, 480Min, 09:30-13:00 15:00-19:30","85, °×°à, 510Min, 08:30-12:30 14:00-18:30",ÐÝÏ¢,"2, ³¿°à, 480Min, 08:00-12:00 13:00-17:00","27, Ôç°à, 420Min, 07:30-11:30 13:00-16:00","83, °×°à, 480Min, 09:30-13:00 14:30-19:00","59, Îç°à, 480Min, 13:30-17:30 19:30-23:30",ÐÝÏ¢,"85, °×°à, 510Min, 08:30-12:30 14:00-18:30","14, ³¿°à, 480Min, 08:30-12:00 13:30-18:00","59, Îç°à, 480Min, 13:30-17:30 19:30-23:30","43, Ìø°à, 480Min, 09:30-13:00 17:30-22:00",ÐÝÏ¢,"15, Ôç°à, 420Min, 07:00-11:00 12:00-15:00","84, °×°à, 480Min, 09:30-13:00 15:00-19:30","30, Ìø°à, 510Min, 09:00-13:00 17:00-21:30","27, Ôç°à, 420Min, 07:30-11:30 13:00-16:00",ÐÝÏ¢,"87, °×°à, 480Min, 09:00-12:30 14:00-18:30","15, Ôç°à, 420Min, 07:00-11:00 12:00-15:00","84, °×°à, 480Min, 09:30-13:00 15:00-19:30",ÐÝÏ¢,"27, Ôç°à, 420Min, 07:30-11:30 13:00-16:00","13, ³¿°à, 480Min, 08:30-12:30 14:00-18:00"
"2, ³¿°à, 480Min, 08:00-12:00 13:00-17:00",ÐÝÏ¢,"84, °×°à, 480Min, 09:30-13:00 15:00-19:30","59, Îç°à, 480Min, 13:30-17:30 19:30-23:30",ÐÝÏ¢,"24, Ôç°à, 420Min, 07:30-11:30 12:30-15:30","84, °×°à, 480Min, 09:30-13:00 15:00-19:30","36, Ìø°à, 510Min, 09:00-13:30 17:30-21:30",ÐÝÏ¢,"15, Ôç°à, 420Min, 07:00-11:00 12:00-15:00","14, ³¿°à, 480Min, 08:30-12:00 13:30-18:00",ÐÝÏ¢,"24, Ôç°à, 420Min, 07:30-11:30 12:30-15:30","84, °×°à, 480Min, 09:30-13:00 15:00-19:30",ÐÝÏ¢,"84, °×°à, 480Min, 09:30-13:00 15:00-19:30","91, °×°à, 510Min, 09:00-13:00 14:30-19:00",ÐÝÏ¢,"44, Ìø°à, 480Min, 09:30-13:00 18:00-22:30","27, Ôç°à, 420Min, 07:30-11:30 13:00-16:00",ÐÝÏ¢,"13, ³¿°à, 480Min, 08:30-12:30 14:00-18:00","18, Ôç°à, 420Min, 07:00-11:00 12:30-15:30",ÐÝÏ¢,"14, ³¿°à, 480Min, 08:30-12:00 13:30-18:00","27, Ôç°à, 420Min, 07:30-11:30 13:00-16:00","54, Îç°à, 480Min, 13:30-17:00 19:00-23:30",ÐÝÏ¢,"27, Ôç°à, 420Min, 07:30-11:30 13:00-16:00","84, °×°à, 480Min, 09:30-13:00 15:00-19:30",ÐÝÏ¢
ÐÝÏ¢,"84, °×°à, 480Min, 09:30-13:00 15:00-19:30","24, Ôç°à, 420Min, 07:30-11:30 12:30-15:30",ÐÝÏ¢,"27, Ôç°à, 420Min, 07:30-11:30 13:00-16:00","14, ³¿°à, 480Min, 08:30-12:00 13:30-18:00",ÐÝÏ¢,"14, ³¿°à, 480Min, 08:30-12:00 13:30-18:00","78, ÖÐ°à, 480Min, 11:30-16:00 17:00-20:30",ÐÝÏ¢,"33, Ìø°à, 480Min, 09:00-13:00 18:00-22:00","59, Îç°à, 480Min, 13:30-17:30 19:30-23:30",ÐÝÏ¢,"24, Ôç°à, 420Min, 07:30-11:30 12:30-15:30","59, Îç°à, 480Min, 13:30-17:30 19:30-23:30",ÐÝÏ¢,"36, Ìø°à, 510Min, 09:00-13:30 17:30-21:30","91, °×°à, 510Min, 09:00-13:00 14:30-19:00",ÐÝÏ¢,"90, °×°à, 480Min, 09:00-13:00 14:30-18:30","15, Ôç°à, 420Min, 07:00-11:00 12:00-15:00","59, Îç°à, 480Min, 13:30-17:30 19:30-23:30",ÐÝÏ¢,"2, ³¿°à, 480Min, 08:00-12:00 13:00-17:00","15, Ôç°à, 420Min, 07:00-11:00 12:00-15:00",ÐÝÏ¢,"83, °×°à, 480Min, 09:30-13:00 14:30-19:00","24, Ôç°à, 420Min, 07:30-11:30 12:30-15:30",ÐÝÏ¢,"84, °×°à, 480Min, 09:30-13:00 15:00-19:30","18, Ôç°à, 420Min, 07:00-11:00 12:30-15:30"
"59, Îç°à, 480Min, 13:30-17:30 19:30-23:30","42, Ìø°à, 540Min, 09:00-13:30 18:30-23:00",ÐÝÏ¢,"2, ³¿°à, 480Min, 08:00-12:00 13:00-17:00","15, Ôç°à, 420Min, 07:00-11:00 12:00-15:00","59, Îç°à, 480Min, 13:30-17:30 19:30-23:30",ÐÝÏ¢,"28, Ôç°à, 450Min, 07:30-11:30 13:00-16:30","2, ³¿°à, 480Min, 08:00-12:00 13:00-17:00","75, ÖÐ°à, 480Min, 11:30-16:30 17:30-20:30","24, Ôç°à, 420Min, 07:30-11:30 12:30-15:30","2, ³¿°à, 480Min, 08:00-12:00 13:00-17:00","24, Ôç°à, 420Min, 07:30-11:30 12:30-15:30",ÐÝÏ¢,"59, Îç°à, 480Min, 13:30-17:30 19:30-23:30","75, ÖÐ°à, 480Min, 11:30-16:30 17:30-20:30",ÐÝÏ¢,"36, Ìø°à, 510Min, 09:00-13:30 17:30-21:30","24, Ôç°à, 420Min, 07:30-11:30 12:30-15:30",ÐÝÏ¢,"2, ³¿°à, 480Min, 08:00-12:00 13:00-17:00","15, Ôç°à, 420Min, 07:00-11:00 12:00-15:00","14, ³¿°à, 480Min, 08:30-12:00 13:30-18:00",ÐÝÏ¢,"90, °×°à, 480Min, 09:00-13:00 14:30-18:30","14, ³¿°à, 480Min, 08:30-12:00 13:30-18:00","87, °×°à, 480Min, 09:00-12:30 14:00-18:30",ÐÝÏ¢,"43, Ìø°à, 480Min, 09:30-13:00 17:30-22:00","77, ÖÐ°à, 480Min, 11:30-15:30 17:00-21:00",ÐÝÏ¢
"85, °×°à, 510Min, 08:30-12:30 14:00-18:30","27, Ôç°à, 420Min, 07:30-11:30 13:00-16:00","2, ³¿°à, 480Min, 08:00-12:00 13:00-17:00",ÐÝÏ¢,"13, ³¿°à, 480Min, 08:30-12:30 14:00-18:00","84, °×°à, 480Min, 09:30-13:00 15:00-19:30",ÐÝÏ¢,"59, Îç°à, 480Min, 13:30-17:30 19:30-23:30","24, Ôç°à, 420Min, 07:30-11:30 12:30-15:30",ÐÝÏ¢,"85, °×°à, 510Min, 08:30-12:30 14:00-18:30","36, Ìø°à, 510Min, 09:00-13:30 17:30-21:30",ÐÝÏ¢,"84, °×°à, 480Min, 09:30-13:00 15:00-19:30","15, Ôç°à, 420Min, 07:00-11:00 12:00-15:00",ÐÝÏ¢,"91, °×°à, 510Min, 09:00-13:00 14:30-19:00","24, Ôç°à, 420Min, 07:30-11:30 12:30-15:30",ÐÝÏ¢,"90, °×°à, 480Min, 09:00-13:00 14:30-18:30","50, Ìø°à, 510Min, 09:30-13:30 18:30-23:00",ÐÝÏ¢,"27, Ôç°à, 420Min, 07:30-11:30 13:00-16:00","90, °×°à, 480Min, 09:00-13:00 14:30-18:30","50, Ìø°à, 510Min, 09:30-13:30 18:30-23:00",ÐÝÏ¢,"10, ³¿°à, 480Min, 08:30-12:00 13:00-17:30","59, Îç°à, 480Min, 13:30-17:30 19:30-23:30",ÐÝÏ¢,"85, °×°à, 510Min, 08:30-12:30 14:00-18:30","59, Îç°à, 480Min, 13:30-17:30 19:30-23:30"
"14, ³¿°à, 480Min, 08:30-12:00 13:30-18:00","59, Îç°à, 480Min, 13:30-17:30 19:30-23:30",ÐÝÏ¢,"50, Ìø°à, 510Min, 09:30-13:30 18:30-23:00","24, Ôç°à, 420Min, 07:30-11:30 12:30-15:30",ÐÝÏ¢,"87, °×°à, 480Min, 09:00-12:30 14:00-18:30","15, Ôç°à, 420Min, 07:00-11:00 12:00-15:00",ÐÝÏ¢,"42, Ìø°à, 540Min, 09:00-13:30 18:30-23:00","15, Ôç°à, 420Min, 07:00-11:00 12:00-15:00",ÐÝÏ¢,"15, Ôç°à, 420Min, 07:00-11:00 12:00-15:00","59, Îç°à, 480Min, 13:30-17:30 19:30-23:30",ÐÝÏ¢,"14, ³¿°à, 480Min, 08:30-12:00 13:30-18:00","85, °×°à, 510Min, 08:30-12:30 14:00-18:30","32, Ìø°à, 540Min, 09:00-13:00 17:30-22:30",ÐÝÏ¢,"24, Ôç°à, 420Min, 07:30-11:30 12:30-15:30","84, °×°à, 480Min, 09:30-13:00 15:00-19:30",ÐÝÏ¢,"85, °×°à, 510Min, 08:30-12:30 14:00-18:30","36, Ìø°à, 510Min, 09:00-13:30 17:30-21:30",ÐÝÏ¢,"84, °×°à, 480Min, 09:30-13:00 15:00-19:30","84, °×°à, 480Min, 09:30-13:00 15:00-19:30",ÐÝÏ¢,"15, Ôç°à, 420Min, 07:00-11:00 12:00-15:00","59, Îç°à, 480Min, 13:30-17:30 19:30-23:30","15, Ôç°à, 420Min, 07:00-11:00 12:00-15:00"
"13, ³¿°à, 480Min, 08:30-12:30 14:00-18:00","27, Ôç°à, 420Min, 07:30-11:30 13:00-16:00",ÐÝÏ¢,"75, ÖÐ°à, 480Min, 11:30-16:30 17:30-20:30","15, Ôç°à, 420Min, 07:00-11:00 12:00-15:00",ÐÝÏ¢,"15, Ôç°à, 420Min, 07:00-11:00 12:00-15:00","59, Îç°à, 480Min, 13:30-17:30 19:30-23:30","50, Ìø°à, 510Min, 09:30-13:30 18:30-23:00",ÐÝÏ¢,"18, Ôç°à, 420Min, 07:00-11:00 12:30-15:30","2, ³¿°à, 480Min, 08:00-12:00 13:00-17:00",ÐÝÏ¢,"84, °×°à, 480Min, 09:30-13:00 15:00-19:30","14, ³¿°à, 480Min, 08:30-12:00 13:30-18:00",ÐÝÏ¢,"15, Ôç°à, 420Min, 07:00-11:00 12:00-15:00","85, °×°à, 510Min, 08:30-12:30 14:00-18:30",ÐÝÏ¢,"2, ³¿°à, 480Min, 08:00-12:00 13:00-17:00","59, Îç°à, 480Min, 13:30-17:30 19:30-23:30",ÐÝÏ¢,"59, Îç°à, 480Min, 13:30-17:30 19:30-23:30","83, °×°à, 480Min, 09:30-13:00 14:30-19:00",ÐÝÏ¢,"15, Ôç°à, 420Min, 07:00-11:00 12:00-15:00","4, ³¿°à, 480Min, 08:00-12:00 13:30-17:30","75, ÖÐ°à, 480Min, 11:30-16:30 17:30-20:30","87, °×°à, 480Min, 09:00-12:30 14:00-18:30","42, Ìø°à, 540Min, 09:00-13:30 18:30-23:00",ÐÝÏ¢
"85, °×°à, 510Min, 08:30-12:30 14:00-18:30","84, °×°à, 480Min, 09:30-13:00 15:00-19:30",ÐÝÏ¢,"13, ³¿°à, 480Min, 08:30-12:30 14:00-18:00","44, Ìø°à, 480Min, 09:30-13:00 18:00-22:30",ÐÝÏ¢,"14, ³¿°à, 480Min, 08:30-12:00 13:30-18:00","90, °×°à, 480Min, 09:00-13:00 14:30-18:30","13, ³¿°à, 480Min, 08:30-12:30 14:00-18:00","59, Îç°à, 480Min, 13:30-17:30 19:30-23:30",ÐÝÏ¢,"27, Ôç°à, 420Min, 07:30-11:30 13:00-16:00","84, °×°à, 480Min, 09:30-13:00 15:00-19:30",ÐÝÏ¢,"2, ³¿°à, 480Min, 08:00-12:00 13:00-17:00","24, Ôç°à, 420Min, 07:30-11:30 12:30-15:30",ÐÝÏ¢,"59, Îç°à, 480Min, 13:30-17:30 19:30-23:30","15, Ôç°à, 420Min, 07:00-11:00 12:00-15:00",ÐÝÏ¢,"15, Ôç°à, 420Min, 07:00-11:00 12:00-15:00","2, ³¿°à, 480Min, 08:00-12:00 13:00-17:00",ÐÝÏ¢,"43, Ìø°à, 480Min, 09:30-13:00 17:30-22:00","24, Ôç°à, 420Min, 07:30-11:30 12:30-15:30",ÐÝÏ¢,"14, ³¿°à, 480Min, 08:30-12:00 13:30-18:00","84, °×°à, 480Min, 09:30-13:00 15:00-19:30",ÐÝÏ¢,"15, Ôç°à, 420Min, 07:00-11:00 12:00-15:00","2, ³¿°à, 480Min, 08:00-12:00 13:00-17:00"
"36, Ìø°à, 510Min, 09:00-13:30 17:30-21:30",ÐÝÏ¢,"24, Ôç°à, 420Min, 07:30-11:30 12:30-15:30","85, °×°à, 510Min, 08:30-12:30 14:00-18:30","2, ³¿°à, 480Min, 08:00-12:00 13:00-17:00",ÐÝÏ¢,"59, Îç°à, 480Min, 13:30-17:30 19:30-23:30","28, Ôç°à, 450Min, 07:30-11:30 13:00-16:30",ÐÝÏ¢,"59, Îç°à, 480Min, 13:30-17:30 19:30-23:30","90, °×°à, 480Min, 09:00-13:00 14:30-18:30",ÐÝÏ¢,"24, Ôç°à, 420Min, 07:30-11:30 12:30-15:30","59, Îç°à, 480Min, 13:30-17:30 19:30-23:30",ÐÝÏ¢,"33, Ìø°à, 480Min, 09:00-13:00 18:00-22:00","27, Ôç°à, 420Min, 07:30-11:30 13:00-16:00",ÐÝÏ¢,"87, °×°à, 480Min, 09:00-12:30 14:00-18:30","15, Ôç°à, 420Min, 07:00-11:00 12:00-15:00",ÐÝÏ¢,"33, Ìø°à, 480Min, 09:00-13:00 18:00-22:00","27, Ôç°à, 420Min, 07:30-11:30 13:00-16:00",ÐÝÏ¢,"91, °×°à, 510Min, 09:00-13:00 14:30-19:00","84, °×°à, 480Min, 09:30-13:00 15:00-19:30",ÐÝÏ¢,"44, Ìø°à, 480Min, 09:30-13:00 18:00-22:30","27, Ôç°à, 420Min, 07:30-11:30 13:00-16:00",ÐÝÏ¢,"85, °×°à, 510Min, 08:30-12:30 14:00-18:30"
ÐÝÏ¢,"15, Ôç°à, 420Min, 07:00-11:00 12:00-15:00","84, °×°à, 480Min, 09:30-13:00 15:00-19:30",ÐÝÏ¢,"14, ³¿°à, 480Min, 08:30-12:00 13:30-18:00","59, Îç°à, 480Min, 13:30-17:30 19:30-23:30",ÐÝÏ¢,"15, Ôç°à, 420Min, 07:00-11:00 12:00-15:00","91, °×°à, 510Min, 09:00-13:00 14:30-19:00","2, ³¿°à, 480Min, 08:00-12:00 13:00-17:00",ÐÝÏ¢,"15, Ôç°à, 420Min, 07:00-11:00 12:00-15:00","84, °×°à, 480Min, 09:30-13:00 15:00-19:30","18, Ôç°à, 420Min, 07:00-11:00 12:30-15:30",ÐÝÏ¢,"84, °×°à, 480Min, 09:30-13:00 15:00-19:30","33, Ìø°à, 480Min, 09:00-13:00 18:00-22:00","24, Ôç°à, 420Min, 07:30-11:30 12:30-15:30",ÐÝÏ¢,"75, ÖÐ°à, 480Min, 11:30-16:30 17:30-20:30","83, °×°à, 480Min, 09:30-13:00 14:30-19:00",ÐÝÏ¢,"15, Ôç°à, 420Min, 07:00-11:00 12:00-15:00","84, °×°à, 480Min, 09:30-13:00 15:00-19:30","84, °×°à, 480Min, 09:30-13:00 15:00-19:30","15, Ôç°à, 420Min, 07:00-11:00 12:00-15:00",ÐÝÏ¢,"43, Ìø°à, 480Min, 09:30-13:00 17:30-22:00","84, °×°à, 480Min, 09:30-13:00 15:00-19:30",ÐÝÏ¢,"59, Îç°à, 480Min, 13:30-17:30 19:30-23:30"
"24, Ôç°à, 420Min, 07:30-11:30 12:30-15:30","13, ³¿°à, 480Min, 08:30-12:30 14:00-18:00",ÐÝÏ¢,"15, Ôç°à, 420Min, 07:00-11:00 12:00-15:00","85, °×°à, 510Min, 08:30-12:30 14:00-18:30",ÐÝÏ¢,"59, Îç°à, 480Min, 13:30-17:30 19:30-23:30","33, Ìø°à, 480Min, 09:00-13:00 18:00-22:00",ÐÝÏ¢,"13, ³¿°à, 480Min, 08:30-12:30 14:00-18:00","18, Ôç°à, 420Min, 07:00-11:00 12:30-15:30","83, °×°à, 480Min, 09:30-13:00 14:30-19:00",ÐÝÏ¢,"87, °×°à, 480Min, 09:00-12:30 14:00-18:30","24, Ôç°à, 420Min, 07:30-11:30 12:30-15:30",ÐÝÏ¢,"2, ³¿°à, 480Min, 08:00-12:00 13:00-17:00","2, ³¿°à, 480Min, 08:00-12:00 13:00-17:00",ÐÝÏ¢,"15, Ôç°à, 420Min, 07:00-11:00 12:00-15:00","90, °×°à, 480Min, 09:00-13:00 14:30-18:30","27, Ôç°à, 420Min, 07:30-11:30 13:00-16:00",ÐÝÏ¢,"14, ³¿°à, 480Min, 08:30-12:00 13:30-18:00","15, Ôç°à, 420Min, 07:00-11:00 12:00-15:00","14, ³¿°à, 480Min, 08:30-12:00 13:30-18:00",ÐÝÏ¢,"84, °×°à, 480Min, 09:30-13:00 15:00-19:30","30, Ìø°à, 510Min, 09:00-13:00 17:00-21:30",ÐÝÏ¢,"75, ÖÐ°à, 480Min, 11:30-16:30 17:30-20:30"
ÐÝÏ¢,"91, °×°à, 510Min, 09:00-13:00 14:30-19:00","59, Îç°à, 480Min, 13:30-17:30 19:30-23:30",ÐÝÏ¢,"91, °×°à, 510Min, 09:00-13:00 14:30-19:00","43, Ìø°à, 480Min, 09:30-13:00 17:30-22:00",ÐÝÏ¢,"84, °×°à, 480Min, 09:30-13:00 15:00-19:30","2, ³¿°à, 480Min, 08:00-12:00 13:00-17:00",ÐÝÏ¢,"24, Ôç°à, 420Min, 07:30-11:30 12:30-15:30","84, °×°à, 480Min, 09:30-13:00 15:00-19:30",ÐÝÏ¢,"84, °×°à, 480Min, 09:30-13:00 15:00-19:30","14, ³¿°à, 480Min, 08:30-12:00 13:30-18:00","15, Ôç°à, 420Min, 07:00-11:00 12:00-15:00","59, Îç°à, 480Min, 13:30-17:30 19:30-23:30",ÐÝÏ¢,"18, Ôç°à, 420Min, 07:00-11:00 12:30-15:30","84, °×°à, 480Min, 09:30-13:00 15:00-19:30",ÐÝÏ¢,"27, Ôç°à, 420Min, 07:30-11:30 13:00-16:00","84, °×°à, 480Min, 09:30-13:00 15:00-19:30","59, Îç°à, 480Min, 13:30-17:30 19:30-23:30",ÐÝÏ¢,"33, Ìø°à, 480Min, 09:00-13:00 18:00-22:00","83, °×°à, 480Min, 09:30-13:00 14:30-19:00",ÐÝÏ¢,"15, Ôç°à, 420Min, 07:00-11:00 12:00-15:00","14, ³¿°à, 480Min, 08:30-12:00 13:30-18:00",ÐÝÏ¢
"15, Ôç°à, 420Min, 07:00-11:00 12:00-15:00",ÐÝÏ¢,"15, Ôç°à, 420Min, 07:00-11:00 12:00-15:00","84, °×°à, 480Min, 09:30-13:00 15:00-19:30",ÐÝÏ¢,"15, Ôç°à, 420Min, 07:00-11:00 12:00-15:00","84, °×°à, 480Min, 09:30-13:00 15:00-19:30",ÐÝÏ¢,"15, Ôç°à, 420Min, 07:00-11:00 12:00-15:00","84, °×°à, 480Min, 09:30-13:00 15:00-19:30",ÐÝÏ¢,"14, ³¿°à, 480Min, 08:30-12:00 13:30-18:00","47, Ìø°à, 480Min, 09:30-13:30 18:00-22:00",ÐÝÏ¢,"91, °×°à, 510Min, 09:00-13:00 14:30-19:00","59, Îç°à, 480Min, 13:30-17:30 19:30-23:30",ÐÝÏ¢,"15, Ôç°à, 420Min, 07:00-11:00 12:00-15:00","84, °×°à, 480Min, 09:30-13:00 15:00-19:30",ÐÝÏ¢,"59, Îç°à, 480Min, 13:30-17:30 19:30-23:30","13, ³¿°à, 480Min, 08:30-12:30 14:00-18:00",ÐÝÏ¢,"14, ³¿°à, 480Min, 08:30-12:00 13:30-18:00","2, ³¿°à, 480Min, 08:00-12:00 13:00-17:00","15, Ôç°à, 420Min, 07:00-11:00 12:00-15:00",ÐÝÏ¢,"18, Ôç°à, 420Min, 07:00-11:00 12:30-15:30","91, °×°à, 510Min, 09:00-13:00 14:30-19:00","43, Ìø°à, 480Min, 09:30-13:00 17:30-22:00","84, °×°à, 480Min, 09:30-13:00 15:00-19:30"
"91, °×°à, 510Min, 09:00-13:00 14:30-19:00",ÐÝÏ¢,"14, ³¿°à, 480Min, 08:30-12:00 13:30-18:00","24, Ôç°à, 420Min, 07:30-11:30 12:30-15:30",ÐÝÏ¢,"49, Ìø°à, 480Min, 09:30-13:30 18:30-22:30","18, Ôç°à, 420Min, 07:00-11:00 12:30-15:30",ÐÝÏ¢,"84, °×°à, 480Min, 09:30-13:00 15:00-19:30","27, Ôç°à, 420Min, 07:30-11:30 13:00-16:00","84, °×°à, 480Min, 09:30-13:00 15:00-19:30",ÐÝÏ¢,"86, °×°à, 480Min, 09:00-12:30 13:30-18:00","15, Ôç°à, 420Min, 07:00-11:00 12:00-15:00","84, °×°à, 480Min, 09:30-13:00 15:00-19:30",ÐÝÏ¢,"84, °×°à, 480Min, 09:30-13:00 15:00-19:30","84, °×°à, 480Min, 09:30-13:00 15:00-19:30",ÐÝÏ¢,"59, Îç°à, 480Min, 13:30-17:30 19:30-23:30","43, Ìø°à, 480Min, 09:30-13:00 17:30-22:00",ÐÝÏ¢,"2, ³¿°à, 480Min, 08:00-12:00 13:00-17:00","15, Ôç°à, 420Min, 07:00-11:00 12:00-15:00",ÐÝÏ¢,"59, Îç°à, 480Min, 13:30-17:30 19:30-23:30","15, Ôç°à, 420Min, 07:00-11:00 12:00-15:00",ÐÝÏ¢,"2, ³¿°à, 480Min, 08:00-12:00 13:00-17:00","2, ³¿°à, 480Min, 08:00-12:00 13:00-17:00","24, Ôç°à, 420Min, 07:30-11:30 12:30-15:30"
