date,time_pt,demand,cover,difference
2019/08/26,00:00,0,0.0,0.0
2019/08/26,00:30,0,0.0,0.0
2019/08/26,01:00,0,0.0,0.0
2019/08/26,01:30,0,0.0,0.0
2019/08/26,02:00,0,0.0,0.0
2019/08/26,02:30,0,0.0,0.0
2019/08/26,03:00,0,0.0,0.0
2019/08/26,03:30,0,0.0,0.0
2019/08/26,04:00,0,0.0,0.0
2019/08/26,04:30,0,0.0,0.0
2019/08/26,05:00,0,0.0,0.0
2019/08/26,05:30,0,0.0,0.0
2019/08/26,06:00,0,0.0,0.0
2019/08/26,06:30,0,0.0,0.0
2019/08/26,07:00,20,20.0,0.0
2019/08/26,07:30,42,43.0,1.0
2019/08/26,08:00,76,76.0,0.0
2019/08/26,08:30,116,124.0,8.0
2019/08/26,09:00,160,164.0,4.0
2019/08/26,09:30,174,186.0,12.0
2019/08/26,10:00,180,186.0,6.0
2019/08/26,10:30,175,186.0,11.0
2019/08/26,11:00,166,166.0,0.0
2019/08/26,11:30,145,148.0,3.0
2019/08/26,12:00,114,126.0,12.0
2019/08/26,12:30,99,110.0,11.0
2019/08/26,13:00,98,100.0,2.0
2019/08/26,13:30,112,118.0,6.0
2019/08/26,14:00,131,157.0,26.0
2019/08/26,14:30,142,187.0,45.0
2019/08/26,15:00,144,180.0,36.0
2019/08/26,15:30,144,157.0,13.0
2019/08/26,16:00,140,152.0,12.0
2019/08/26,16:30,129,141.0,12.0
2019/08/26,17:00,116,117.0,1.0
2019/08/26,17:30,103,106.0,3.0
2019/08/26,18:00,92,92.0,0.0
2019/08/26,18:30,77,78.0,1.0
2019/08/26,19:00,50,55.0,5.0
2019/08/26,19:30,44,52.0,8.0
2019/08/26,20:00,36,52.0,16.0
2019/08/26,20:30,36,47.0,11.0
2019/08/26,21:00,38,47.0,9.0
2019/08/26,21:30,32,37.0,5.0
2019/08/26,22:00,28,37.0,9.0
2019/08/26,22:30,21,26.0,5.0
2019/08/26,23:00,15,17.0,2.0
2019/08/26,23:30,0,0.0,0.0
2019/08/27,00:00,0,0.0,0.0
2019/08/27,00:30,0,0.0,0.0
2019/08/27,01:00,0,0.0,0.0
2019/08/27,01:30,0,0.0,0.0
2019/08/27,02:00,0,0.0,0.0
2019/08/27,02:30,0,0.0,0.0
2019/08/27,03:00,0,0.0,0.0
2019/08/27,03:30,0,0.0,0.0
2019/08/27,04:00,0,0.0,0.0
2019/08/27,04:30,0,0.0,0.0
2019/08/27,05:00,0,0.0,0.0
2019/08/27,05:30,0,0.0,0.0
2019/08/27,06:00,0,0.0,0.0
2019/08/27,06:30,0,0.0,0.0
2019/08/27,07:00,25,25.0,0.0
2019/08/27,07:30,44,51.0,7.0
2019/08/27,08:00,74,83.0,9.0
2019/08/27,08:30,112,112.0,0.0
2019/08/27,09:00,148,151.0,3.0
2019/08/27,09:30,160,193.0,33.0
2019/08/27,10:00,169,193.0,24.0
2019/08/27,10:30,162,193.0,31.0
2019/08/27,11:00,149,168.0,19.0
2019/08/27,11:30,139,142.0,3.0
2019/08/27,12:00,106,135.0,29.0
2019/08/27,12:30,88,117.0,29.0
2019/08/27,13:00,88,96.0,8.0
2019/08/27,13:30,99,101.0,2.0
2019/08/27,14:00,121,130.0,9.0
2019/08/27,14:30,133,148.0,15.0
2019/08/27,15:00,137,160.0,23.0
2019/08/27,15:30,138,149.0,11.0
2019/08/27,16:00,125,134.0,9.0
2019/08/27,16:30,122,134.0,12.0
2019/08/27,17:00,107,110.0,3.0
2019/08/27,17:30,95,95.0,0.0
2019/08/27,18:00,87,88.0,1.0
2019/08/27,18:30,72,81.0,9.0
2019/08/27,19:00,52,63.0,11.0
2019/08/27,19:30,43,44.0,1.0
2019/08/27,20:00,35,44.0,9.0
2019/08/27,20:30,40,44.0,4.0
2019/08/27,21:00,39,44.0,5.0
2019/08/27,21:30,31,33.0,2.0
2019/08/27,22:00,26,33.0,7.0
2019/08/27,22:30,22,28.0,6.0
2019/08/27,23:00,18,18.0,0.0
2019/08/27,23:30,0,0.0,0.0
2019/08/28,00:00,0,0.0,0.0
2019/08/28,00:30,0,0.0,0.0
2019/08/28,01:00,0,0.0,0.0
2019/08/28,01:30,0,0.0,0.0
2019/08/28,02:00,0,0.0,0.0
2019/08/28,02:30,0,0.0,0.0
2019/08/28,03:00,0,0.0,0.0
2019/08/28,03:30,0,0.0,0.0
2019/08/28,04:00,0,0.0,0.0
2019/08/28,04:30,0,0.0,0.0
2019/08/28,05:00,0,0.0,0.0
2019/08/28,05:30,0,0.0,0.0
2019/08/28,06:00,0,0.0,0.0
2019/08/28,06:30,0,0.0,0.0
2019/08/28,07:00,25,32.0,7.0
2019/08/28,07:30,42,65.0,23.0
2019/08/28,08:00,73,75.0,2.0
2019/08/28,08:30,111,116.0,5.0
2019/08/28,09:00,140,140.0,0.0
2019/08/28,09:30,155,183.0,28.0
2019/08/28,10:00,157,183.0,26.0
2019/08/28,10:30,160,183.0,23.0
2019/08/28,11:00,147,151.0,4.0
2019/08/28,11:30,126,128.0,2.0
2019/08/28,12:00,97,120.0,23.0
2019/08/28,12:30,88,131.0,43.0
2019/08/28,13:00,89,93.0,4.0
2019/08/28,13:30,96,133.0,37.0
2019/08/28,14:00,120,144.0,24.0
2019/08/28,14:30,128,155.0,27.0
2019/08/28,15:00,129,158.0,29.0
2019/08/28,15:30,128,136.0,8.0
2019/08/28,16:00,123,125.0,2.0
2019/08/28,16:30,113,115.0,2.0
2019/08/28,17:00,99,105.0,6.0
2019/08/28,17:30,91,97.0,6.0
2019/08/28,18:00,80,80.0,0.0
2019/08/28,18:30,68,77.0,9.0
2019/08/28,19:00,48,66.0,18.0
2019/08/28,19:30,41,49.0,8.0
2019/08/28,20:00,35,49.0,14.0
2019/08/28,20:30,39,39.0,0.0
2019/08/28,21:00,38,39.0,1.0
2019/08/28,21:30,33,39.0,6.0
2019/08/28,22:00,26,26.0,0.0
2019/08/28,22:30,23,26.0,3.0
2019/08/28,23:00,18,18.0,0.0
2019/08/28,23:30,0,0.0,0.0
2019/08/29,00:00,0,0.0,0.0
2019/08/29,00:30,0,0.0,0.0
2019/08/29,01:00,0,0.0,0.0
2019/08/29,01:30,0,0.0,0.0
2019/08/29,02:00,0,0.0,0.0
2019/08/29,02:30,0,0.0,0.0
2019/08/29,03:00,0,0.0,0.0
2019/08/29,03:30,0,0.0,0.0
2019/08/29,04:00,0,0.0,0.0
2019/08/29,04:30,0,0.0,0.0
2019/08/29,05:00,0,0.0,0.0
2019/08/29,05:30,0,0.0,0.0
2019/08/29,06:00,0,0.0,0.0
2019/08/29,06:30,0,0.0,0.0
2019/08/29,07:00,25,27.0,2.0
2019/08/29,07:30,38,64.0,26.0
2019/08/29,08:00,67,74.0,7.0
2019/08/29,08:30,106,108.0,2.0
2019/08/29,09:00,138,143.0,5.0
2019/08/29,09:30,149,183.0,34.0
2019/08/29,10:00,154,183.0,29.0
2019/08/29,10:30,150,183.0,33.0
2019/08/29,11:00,144,156.0,12.0
2019/08/29,11:30,124,124.0,0.0
2019/08/29,12:00,95,130.0,35.0
2019/08/29,12:30,82,144.0,62.0
2019/08/29,13:00,87,88.0,1.0
2019/08/29,13:30,96,111.0,15.0
2019/08/29,14:00,113,134.0,21.0
2019/08/29,14:30,124,158.0,34.0
2019/08/29,15:00,127,162.0,35.0
2019/08/29,15:30,125,125.0,0.0
2019/08/29,16:00,125,125.0,0.0
2019/08/29,16:30,113,120.0,7.0
2019/08/29,17:00,100,110.0,10.0
2019/08/29,17:30,89,94.0,5.0
2019/08/29,18:00,80,81.0,1.0
2019/08/29,18:30,68,69.0,1.0
2019/08/29,19:00,46,56.0,10.0
2019/08/29,19:30,41,46.0,5.0
2019/08/29,20:00,35,46.0,11.0
2019/08/29,20:30,34,41.0,7.0
2019/08/29,21:00,35,41.0,6.0
2019/08/29,21:30,30,41.0,11.0
2019/08/29,22:00,27,30.0,3.0
2019/08/29,22:30,22,30.0,8.0
2019/08/29,23:00,17,21.0,4.0
2019/08/29,23:30,0,0.0,0.0
2019/08/30,00:00,0,0.0,0.0
2019/08/30,00:30,0,0.0,0.0
2019/08/30,01:00,0,0.0,0.0
2019/08/30,01:30,0,0.0,0.0
2019/08/30,02:00,0,0.0,0.0
2019/08/30,02:30,0,0.0,0.0
2019/08/30,03:00,0,0.0,0.0
2019/08/30,03:30,0,0.0,0.0
2019/08/30,04:00,0,0.0,0.0
2019/08/30,04:30,0,0.0,0.0
2019/08/30,05:00,0,0.0,0.0
2019/08/30,05:30,0,0.0,0.0
2019/08/30,06:00,0,0.0,0.0
2019/08/30,06:30,0,0.0,0.0
2019/08/30,07:00,24,26.0,2.0
2019/08/30,07:30,43,59.0,16.0
2019/08/30,08:00,69,69.0,0.0
2019/08/30,08:30,107,108.0,1.0
2019/08/30,09:00,141,144.0,3.0
2019/08/30,09:30,150,178.0,28.0
2019/08/30,10:00,154,178.0,24.0
2019/08/30,10:30,157,178.0,21.0
2019/08/30,11:00,145,152.0,7.0
2019/08/30,11:30,125,128.0,3.0
2019/08/30,12:00,94,132.0,38.0
2019/08/30,12:30,84,119.0,35.0
2019/08/30,13:00,87,89.0,2.0
2019/08/30,13:30,96,114.0,18.0
2019/08/30,14:00,115,148.0,33.0
2019/08/30,14:30,126,166.0,40.0
2019/08/30,15:00,127,161.0,34.0
2019/08/30,15:30,128,140.0,12.0
2019/08/30,16:00,127,128.0,1.0
2019/08/30,16:30,117,119.0,2.0
2019/08/30,17:00,106,109.0,3.0
2019/08/30,17:30,94,94.0,0.0
2019/08/30,18:00,84,85.0,1.0
2019/08/30,18:30,72,72.0,0.0
2019/08/30,19:00,51,54.0,3.0
2019/08/30,19:30,43,57.0,14.0
2019/08/30,20:00,37,57.0,20.0
2019/08/30,20:30,39,48.0,9.0
2019/08/30,21:00,41,48.0,7.0
2019/08/30,21:30,32,48.0,16.0
2019/08/30,22:00,29,37.0,8.0
2019/08/30,22:30,24,24.0,0.0
2019/08/30,23:00,19,24.0,5.0
2019/08/30,23:30,0,0.0,0.0
2019/08/31,00:00,0,0.0,0.0
2019/08/31,00:30,0,0.0,0.0
2019/08/31,01:00,0,0.0,0.0
2019/08/31,01:30,0,0.0,0.0
2019/08/31,02:00,0,0.0,0.0
2019/08/31,02:30,0,0.0,0.0
2019/08/31,03:00,0,0.0,0.0
2019/08/31,03:30,0,0.0,0.0
2019/08/31,04:00,0,0.0,0.0
2019/08/31,04:30,0,0.0,0.0
2019/08/31,05:00,0,0.0,0.0
2019/08/31,05:30,0,0.0,0.0
2019/08/31,06:00,0,0.0,0.0
2019/08/31,06:30,0,0.0,0.0
2019/08/31,07:00,24,44.0,20.0
2019/08/31,07:30,37,67.0,30.0
2019/08/31,08:00,57,67.0,10.0
2019/08/31,08:30,85,91.0,6.0
2019/08/31,09:00,112,120.0,8.0
2019/08/31,09:30,118,189.0,71.0
2019/08/31,10:00,126,189.0,63.0
2019/08/31,10:30,123,189.0,66.0
2019/08/31,11:00,116,145.0,29.0
2019/08/31,11:30,108,122.0,14.0
2019/08/31,12:00,92,154.0,62.0
2019/08/31,12:30,77,125.0,48.0
2019/08/31,13:00,82,97.0,15.0
2019/08/31,13:30,86,101.0,15.0
2019/08/31,14:00,92,142.0,50.0
2019/08/31,14:30,100,142.0,42.0
2019/08/31,15:00,99,119.0,20.0
2019/08/31,15:30,100,107.0,7.0
2019/08/31,16:00,95,96.0,1.0
2019/08/31,16:30,90,96.0,6.0
2019/08/31,17:00,83,96.0,13.0
2019/08/31,17:30,75,92.0,17.0
2019/08/31,18:00,65,68.0,3.0
2019/08/31,18:30,59,69.0,10.0
2019/08/31,19:00,38,69.0,31.0
2019/08/31,19:30,36,70.0,34.0
2019/08/31,20:00,32,70.0,38.0
2019/08/31,20:30,35,70.0,35.0
2019/08/31,21:00,36,70.0,34.0
2019/08/31,21:30,33,70.0,37.0
2019/08/31,22:00,27,52.0,25.0
2019/08/31,22:30,22,22.0,0.0
2019/08/31,23:00,19,22.0,3.0
2019/08/31,23:30,0,0.0,0.0
2019/09/01,00:00,0,0.0,0.0
2019/09/01,00:30,0,0.0,0.0
2019/09/01,01:00,0,0.0,0.0
2019/09/01,01:30,0,0.0,0.0
2019/09/01,02:00,0,0.0,0.0
2019/09/01,02:30,0,0.0,0.0
2019/09/01,03:00,0,0.0,0.0
2019/09/01,03:30,0,0.0,0.0
2019/09/01,04:00,0,0.0,0.0
2019/09/01,04:30,0,0.0,0.0
2019/09/01,05:00,0,0.0,0.0
2019/09/01,05:30,0,0.0,0.0
2019/09/01,06:00,0,0.0,0.0
2019/09/01,06:30,0,0.0,0.0
2019/09/01,07:00,21,40.0,19.0
2019/09/01,07:30,30,72.0,42.0
2019/09/01,08:00,51,72.0,21.0
2019/09/01,08:30,78,96.0,18.0
2019/09/01,09:00,102,116.0,14.0
2019/09/01,09:30,111,159.0,48.0
2019/09/01,10:00,111,159.0,48.0
2019/09/01,10:30,111,159.0,48.0
2019/09/01,11:00,103,106.0,3.0
2019/09/01,11:30,94,94.0,0.0
2019/09/01,12:00,83,88.0,5.0
2019/09/01,12:30,75,133.0,58.0
2019/09/01,13:00,79,79.0,0.0
2019/09/01,13:30,80,137.0,57.0
2019/09/01,14:00,90,146.0,56.0
2019/09/01,14:30,90,146.0,56.0
2019/09/01,15:00,92,184.0,92.0
2019/09/01,15:30,90,117.0,27.0
2019/09/01,16:00,91,117.0,26.0
2019/09/01,16:30,86,110.0,24.0
2019/09/01,17:00,78,110.0,32.0
2019/09/01,17:30,75,83.0,8.0
2019/09/01,18:00,67,70.0,3.0
2019/09/01,18:30,61,61.0,0.0
2019/09/01,19:00,42,61.0,19.0
2019/09/01,19:30,38,52.0,14.0
2019/09/01,20:00,33,52.0,19.0
2019/09/01,20:30,39,45.0,6.0
2019/09/01,21:00,39,45.0,6.0
2019/09/01,21:30,36,45.0,9.0
2019/09/01,22:00,30,34.0,4.0
2019/09/01,22:30,23,34.0,11.0
2019/09/01,23:00,18,34.0,16.0
2019/09/01,23:30,0,0.0,0.0
2019/09/02,00:00,0,0.0,0.0
2019/09/02,00:30,0,0.0,0.0
2019/09/02,01:00,0,0.0,0.0
2019/09/02,01:30,0,0.0,0.0
2019/09/02,02:00,0,0.0,0.0
2019/09/02,02:30,0,0.0,0.0
2019/09/02,03:00,0,0.0,0.0
2019/09/02,03:30,0,0.0,0.0
2019/09/02,04:00,0,0.0,0.0
2019/09/02,04:30,0,0.0,0.0
2019/09/02,05:00,0,0.0,0.0
2019/09/02,05:30,0,0.0,0.0
2019/09/02,06:00,0,0.0,0.0
2019/09/02,06:30,0,0.0,0.0
2019/09/02,07:00,28,32.0,4.0
2019/09/02,07:30,50,63.0,13.0
2019/09/02,08:00,77,81.0,4.0
2019/09/02,08:30,116,116.0,0.0
2019/09/02,09:00,161,161.0,0.0
2019/09/02,09:30,175,217.0,42.0
2019/09/02,10:00,181,217.0,36.0
2019/09/02,10:30,176,217.0,41.0
2019/09/02,11:00,167,185.0,18.0
2019/09/02,11:30,146,154.0,8.0
2019/09/02,12:00,115,133.0,18.0
2019/09/02,12:30,99,133.0,34.0
2019/09/02,13:00,99,103.0,4.0
2019/09/02,13:30,113,131.0,18.0
2019/09/02,14:00,132,140.0,8.0
2019/09/02,14:30,143,153.0,10.0
2019/09/02,15:00,145,161.0,16.0
2019/09/02,15:30,145,161.0,16.0
2019/09/02,16:00,141,150.0,9.0
2019/09/02,16:30,129,130.0,1.0
2019/09/02,17:00,117,117.0,0.0
2019/09/02,17:30,103,109.0,6.0
2019/09/02,18:00,92,94.0,2.0
2019/09/02,18:30,77,79.0,2.0
2019/09/02,19:00,50,79.0,29.0
2019/09/02,19:30,45,54.0,9.0
2019/09/02,20:00,37,54.0,17.0
2019/09/02,20:30,36,54.0,18.0
2019/09/02,21:00,38,54.0,16.0
2019/09/02,21:30,32,42.0,10.0
2019/09/02,22:00,28,30.0,2.0
2019/09/02,22:30,21,22.0,1.0
2019/09/02,23:00,15,15.0,0.0
2019/09/02,23:30,0,0.0,0.0
2019/09/03,00:00,0,0.0,0.0
2019/09/03,00:30,0,0.0,0.0
2019/09/03,01:00,0,0.0,0.0
2019/09/03,01:30,0,0.0,0.0
2019/09/03,02:00,0,0.0,0.0
2019/09/03,02:30,0,0.0,0.0
2019/09/03,03:00,0,0.0,0.0
2019/09/03,03:30,0,0.0,0.0
2019/09/03,04:00,0,0.0,0.0
2019/09/03,04:30,0,0.0,0.0
2019/09/03,05:00,0,0.0,0.0
2019/09/03,05:30,0,0.0,0.0
2019/09/03,06:00,0,0.0,0.0
2019/09/03,06:30,0,0.0,0.0
2019/09/03,07:00,25,33.0,8.0
2019/09/03,07:30,44,54.0,10.0
2019/09/03,08:00,74,82.0,8.0
2019/09/03,08:30,112,117.0,5.0
2019/09/03,09:00,148,148.0,0.0
2019/09/03,09:30,161,188.0,27.0
2019/09/03,10:00,170,188.0,18.0
2019/09/03,10:30,162,188.0,26.0
2019/09/03,11:00,150,155.0,5.0
2019/09/03,11:30,139,146.0,7.0
2019/09/03,12:00,106,151.0,45.0
2019/09/03,12:30,89,126.0,37.0
2019/09/03,13:00,88,99.0,11.0
2019/09/03,13:30,100,113.0,13.0
2019/09/03,14:00,122,148.0,26.0
2019/09/03,14:30,134,167.0,33.0
2019/09/03,15:00,138,164.0,26.0
2019/09/03,15:30,139,154.0,15.0
2019/09/03,16:00,126,131.0,5.0
2019/09/03,16:30,122,131.0,9.0
2019/09/03,17:00,107,115.0,8.0
2019/09/03,17:30,96,96.0,0.0
2019/09/03,18:00,88,89.0,1.0
2019/09/03,18:30,73,76.0,3.0
2019/09/03,19:00,53,64.0,11.0
2019/09/03,19:30,43,53.0,10.0
2019/09/03,20:00,36,53.0,17.0
2019/09/03,20:30,40,41.0,1.0
2019/09/03,21:00,39,41.0,2.0
2019/09/03,21:30,31,41.0,10.0
2019/09/03,22:00,26,29.0,3.0
2019/09/03,22:30,22,24.0,2.0
2019/09/03,23:00,18,19.0,1.0
2019/09/03,23:30,0,0.0,0.0
2019/09/04,00:00,0,0.0,0.0
2019/09/04,00:30,0,0.0,0.0
2019/09/04,01:00,0,0.0,0.0
2019/09/04,01:30,0,0.0,0.0
2019/09/04,02:00,0,0.0,0.0
2019/09/04,02:30,0,0.0,0.0
2019/09/04,03:00,0,0.0,0.0
2019/09/04,03:30,0,0.0,0.0
2019/09/04,04:00,0,0.0,0.0
2019/09/04,04:30,0,0.0,0.0
2019/09/04,05:00,0,0.0,0.0
2019/09/04,05:30,0,0.0,0.0
2019/09/04,06:00,0,0.0,0.0
2019/09/04,06:30,0,0.0,0.0
2019/09/04,07:00,25,25.0,0.0
2019/09/04,07:30,42,66.0,24.0
2019/09/04,08:00,73,78.0,5.0
2019/09/04,08:30,111,111.0,0.0
2019/09/04,09:00,140,140.0,0.0
2019/09/04,09:30,155,183.0,28.0
2019/09/04,10:00,158,183.0,25.0
2019/09/04,10:30,161,183.0,22.0
2019/09/04,11:00,147,158.0,11.0
2019/09/04,11:30,127,127.0,0.0
2019/09/04,12:00,98,130.0,32.0
2019/09/04,12:30,89,118.0,29.0
2019/09/04,13:00,89,97.0,8.0
2019/09/04,13:30,96,121.0,25.0
2019/09/04,14:00,120,144.0,24.0
2019/09/04,14:30,129,153.0,24.0
2019/09/04,15:00,129,171.0,42.0
2019/09/04,15:30,129,160.0,31.0
2019/09/04,16:00,124,130.0,6.0
2019/09/04,16:30,114,120.0,6.0
2019/09/04,17:00,100,108.0,8.0
2019/09/04,17:30,92,95.0,3.0
2019/09/04,18:00,81,84.0,3.0
2019/09/04,18:30,68,73.0,5.0
2019/09/04,19:00,48,73.0,25.0
2019/09/04,19:30,41,53.0,12.0
2019/09/04,20:00,35,53.0,18.0
2019/09/04,20:30,40,43.0,3.0
2019/09/04,21:00,38,43.0,5.0
2019/09/04,21:30,33,43.0,10.0
2019/09/04,22:00,26,32.0,6.0
2019/09/04,22:30,23,32.0,9.0
2019/09/04,23:00,18,23.0,5.0
2019/09/04,23:30,0,0.0,0.0
2019/09/05,00:00,0,0.0,0.0
2019/09/05,00:30,0,0.0,0.0
2019/09/05,01:00,0,0.0,0.0
2019/09/05,01:30,0,0.0,0.0
2019/09/05,02:00,0,0.0,0.0
2019/09/05,02:30,0,0.0,0.0
2019/09/05,03:00,0,0.0,0.0
2019/09/05,03:30,0,0.0,0.0
2019/09/05,04:00,0,0.0,0.0
2019/09/05,04:30,0,0.0,0.0
2019/09/05,05:00,0,0.0,0.0
2019/09/05,05:30,0,0.0,0.0
2019/09/05,06:00,0,0.0,0.0
2019/09/05,06:30,0,0.0,0.0
2019/09/05,07:00,25,39.0,14.0
2019/09/05,07:30,39,67.0,28.0
2019/09/05,08:00,68,78.0,10.0
2019/09/05,08:30,108,111.0,3.0
2019/09/05,09:00,140,140.0,0.0
2019/09/05,09:30,151,192.0,41.0
2019/09/05,10:00,156,192.0,36.0
2019/09/05,10:30,152,192.0,40.0
2019/09/05,11:00,146,153.0,7.0
2019/09/05,11:30,125,130.0,5.0
2019/09/05,12:00,96,116.0,20.0
2019/09/05,12:30,83,146.0,63.0
2019/09/05,13:00,88,92.0,4.0
2019/09/05,13:30,97,113.0,16.0
2019/09/05,14:00,115,141.0,26.0
2019/09/05,14:30,126,151.0,25.0
2019/09/05,15:00,129,185.0,56.0
2019/09/05,15:30,127,127.0,0.0
2019/09/05,16:00,127,127.0,0.0
2019/09/05,16:30,115,122.0,7.0
2019/09/05,17:00,102,111.0,9.0
2019/09/05,17:30,90,98.0,8.0
2019/09/05,18:00,81,87.0,6.0
2019/09/05,18:30,69,69.0,0.0
2019/09/05,19:00,47,69.0,22.0
2019/09/05,19:30,42,44.0,2.0
2019/09/05,20:00,36,44.0,8.0
2019/09/05,20:30,34,39.0,5.0
2019/09/05,21:00,35,39.0,4.0
2019/09/05,21:30,30,39.0,9.0
2019/09/05,22:00,27,27.0,0.0
2019/09/05,22:30,22,27.0,5.0
2019/09/05,23:00,17,18.0,1.0
2019/09/05,23:30,0,0.0,0.0
2019/09/06,00:00,0,0.0,0.0
2019/09/06,00:30,0,0.0,0.0
2019/09/06,01:00,0,0.0,0.0
2019/09/06,01:30,0,0.0,0.0
2019/09/06,02:00,0,0.0,0.0
2019/09/06,02:30,0,0.0,0.0
2019/09/06,03:00,0,0.0,0.0
2019/09/06,03:30,0,0.0,0.0
2019/09/06,04:00,0,0.0,0.0
2019/09/06,04:30,0,0.0,0.0
2019/09/06,05:00,0,0.0,0.0
2019/09/06,05:30,0,0.0,0.0
2019/09/06,06:00,0,0.0,0.0
2019/09/06,06:30,0,0.0,0.0
2019/09/06,07:00,24,24.0,0.0
2019/09/06,07:30,43,57.0,14.0
2019/09/06,08:00,70,80.0,10.0
2019/09/06,08:30,109,111.0,2.0
2019/09/06,09:00,143,144.0,1.0
2019/09/06,09:30,152,185.0,33.0
2019/09/06,10:00,156,185.0,29.0
2019/09/06,10:30,159,185.0,26.0
2019/09/06,11:00,147,161.0,14.0
2019/09/06,11:30,127,128.0,1.0
2019/09/06,12:00,95,109.0,14.0
2019/09/06,12:30,85,107.0,22.0
2019/09/06,13:00,88,103.0,15.0
2019/09/06,13:30,98,136.0,38.0
2019/09/06,14:00,117,147.0,30.0
2019/09/06,14:30,128,182.0,54.0
2019/09/06,15:00,129,187.0,58.0
2019/09/06,15:30,130,178.0,48.0
2019/09/06,16:00,129,154.0,25.0
2019/09/06,16:30,119,141.0,22.0
2019/09/06,17:00,108,118.0,10.0
2019/09/06,17:30,96,105.0,9.0
2019/09/06,18:00,85,85.0,0.0
2019/09/06,18:30,73,75.0,2.0
2019/09/06,19:00,52,52.0,0.0
2019/09/06,19:30,44,46.0,2.0
2019/09/06,20:00,37,46.0,9.0
2019/09/06,20:30,39,46.0,7.0
2019/09/06,21:00,41,46.0,5.0
2019/09/06,21:30,33,36.0,3.0
2019/09/06,22:00,30,36.0,6.0
2019/09/06,22:30,24,36.0,12.0
2019/09/06,23:00,19,23.0,4.0
2019/09/06,23:30,0,0.0,0.0
2019/09/07,00:00,0,0.0,0.0
2019/09/07,00:30,0,0.0,0.0
2019/09/07,01:00,0,0.0,0.0
2019/09/07,01:30,0,0.0,0.0
2019/09/07,02:00,0,0.0,0.0
2019/09/07,02:30,0,0.0,0.0
2019/09/07,03:00,0,0.0,0.0
2019/09/07,03:30,0,0.0,0.0
2019/09/07,04:00,0,0.0,0.0
2019/09/07,04:30,0,0.0,0.0
2019/09/07,05:00,0,0.0,0.0
2019/09/07,05:30,0,0.0,0.0
2019/09/07,06:00,0,0.0,0.0
2019/09/07,06:30,0,0.0,0.0
2019/09/07,07:00,24,42.0,18.0
2019/09/07,07:30,37,79.0,42.0
2019/09/07,08:00,57,79.0,22.0
2019/09/07,08:30,86,92.0,6.0
2019/09/07,09:00,113,122.0,9.0
2019/09/07,09:30,118,188.0,70.0
2019/09/07,10:00,126,188.0,62.0
2019/09/07,10:30,124,188.0,64.0
2019/09/07,11:00,116,146.0,30.0
2019/09/07,11:30,109,109.0,0.0
2019/09/07,12:00,93,151.0,58.0
2019/09/07,12:30,77,140.0,63.0
2019/09/07,13:00,82,99.0,17.0
2019/09/07,13:30,86,132.0,46.0
2019/09/07,14:00,93,145.0,52.0
2019/09/07,14:30,100,156.0,56.0
2019/09/07,15:00,100,139.0,39.0
2019/09/07,15:30,100,107.0,7.0
2019/09/07,16:00,95,102.0,7.0
2019/09/07,16:30,90,102.0,12.0
2019/09/07,17:00,84,102.0,18.0
2019/09/07,17:30,75,79.0,4.0
2019/09/07,18:00,66,66.0,0.0
2019/09/07,18:30,60,66.0,6.0
2019/09/07,19:00,39,55.0,16.0
2019/09/07,19:30,36,53.0,17.0
2019/09/07,20:00,32,53.0,21.0
2019/09/07,20:30,35,53.0,18.0
2019/09/07,21:00,36,53.0,17.0
2019/09/07,21:30,33,53.0,20.0
2019/09/07,22:00,28,33.0,5.0
2019/09/07,22:30,22,23.0,1.0
2019/09/07,23:00,19,23.0,4.0
2019/09/07,23:30,0,0.0,0.0
2019/09/08,00:00,0,0.0,0.0
2019/09/08,00:30,0,0.0,0.0
2019/09/08,01:00,0,0.0,0.0
2019/09/08,01:30,0,0.0,0.0
2019/09/08,02:00,0,0.0,0.0
2019/09/08,02:30,0,0.0,0.0
2019/09/08,03:00,0,0.0,0.0
2019/09/08,03:30,0,0.0,0.0
2019/09/08,04:00,0,0.0,0.0
2019/09/08,04:30,0,0.0,0.0
2019/09/08,05:00,0,0.0,0.0
2019/09/08,05:30,0,0.0,0.0
2019/09/08,06:00,0,0.0,0.0
2019/09/08,06:30,0,0.0,0.0
2019/09/08,07:00,21,52.0,31.0
2019/09/08,07:30,30,77.0,47.0
2019/09/08,08:00,51,77.0,26.0
2019/09/08,08:30,78,94.0,16.0
2019/09/08,09:00,102,106.0,4.0
2019/09/08,09:30,110,171.0,61.0
2019/09/08,10:00,111,171.0,60.0
2019/09/08,10:30,110,171.0,61.0
2019/09/08,11:00,103,106.0,3.0
2019/09/08,11:30,93,94.0,1.0
2019/09/08,12:00,83,130.0,47.0
2019/09/08,12:30,75,142.0,67.0
2019/09/08,13:00,78,94.0,16.0
2019/09/08,13:30,79,124.0,45.0
2019/09/08,14:00,90,136.0,46.0
2019/09/08,14:30,90,136.0,46.0
2019/09/08,15:00,92,148.0,56.0
2019/09/08,15:30,90,111.0,21.0
2019/09/08,16:00,91,111.0,20.0
2019/09/08,16:30,86,111.0,25.0
2019/09/08,17:00,78,111.0,33.0
2019/09/08,17:30,74,77.0,3.0
2019/09/08,18:00,67,77.0,10.0
2019/09/08,18:30,61,65.0,4.0
2019/09/08,19:00,42,65.0,23.0
2019/09/08,19:30,38,43.0,5.0
2019/09/08,20:00,33,43.0,10.0
2019/09/08,20:30,39,43.0,4.0
2019/09/08,21:00,39,43.0,4.0
2019/09/08,21:30,36,43.0,7.0
2019/09/08,22:00,30,30.0,0.0
2019/09/08,22:30,23,30.0,7.0
2019/09/08,23:00,18,30.0,12.0
2019/09/08,23:30,0,0.0,0.0
2019/09/09,00:00,0,0.0,0.0
2019/09/09,00:30,0,0.0,0.0
2019/09/09,01:00,0,0.0,0.0
2019/09/09,01:30,0,0.0,0.0
2019/09/09,02:00,0,0.0,0.0
2019/09/09,02:30,0,0.0,0.0
2019/09/09,03:00,0,0.0,0.0
2019/09/09,03:30,0,0.0,0.0
2019/09/09,04:00,0,0.0,0.0
2019/09/09,04:30,0,0.0,0.0
2019/09/09,05:00,0,0.0,0.0
2019/09/09,05:30,0,0.0,0.0
2019/09/09,06:00,0,0.0,0.0
2019/09/09,06:30,0,0.0,0.0
2019/09/09,07:00,28,30.0,2.0
2019/09/09,07:30,50,54.0,4.0
2019/09/09,08:00,76,86.0,10.0
2019/09/09,08:30,116,120.0,4.0
2019/09/09,09:00,160,160.0,0.0
2019/09/09,09:30,174,201.0,27.0
2019/09/09,10:00,180,201.0,21.0
2019/09/09,10:30,175,201.0,26.0
2019/09/09,11:00,166,171.0,5.0
2019/09/09,11:30,145,147.0,2.0
2019/09/09,12:00,114,122.0,8.0
2019/09/09,12:30,99,135.0,36.0
2019/09/09,13:00,98,98.0,0.0
2019/09/09,13:30,112,136.0,24.0
2019/09/09,14:00,131,147.0,16.0
2019/09/09,14:30,142,167.0,25.0
2019/09/09,15:00,144,178.0,34.0
2019/09/09,15:30,144,154.0,10.0
2019/09/09,16:00,140,154.0,14.0
2019/09/09,16:30,129,154.0,25.0
2019/09/09,17:00,116,130.0,14.0
2019/09/09,17:30,103,106.0,3.0
2019/09/09,18:00,92,92.0,0.0
2019/09/09,18:30,77,81.0,4.0
2019/09/09,19:00,50,61.0,11.0
2019/09/09,19:30,44,47.0,3.0
2019/09/09,20:00,36,47.0,11.0
2019/09/09,20:30,36,47.0,11.0
2019/09/09,21:00,38,47.0,9.0
2019/09/09,21:30,32,36.0,4.0
2019/09/09,22:00,28,36.0,8.0
2019/09/09,22:30,21,27.0,6.0
2019/09/09,23:00,15,27.0,12.0
2019/09/09,23:30,0,0.0,0.0
2019/09/10,00:00,0,0.0,0.0
2019/09/10,00:30,0,0.0,0.0
2019/09/10,01:00,0,0.0,0.0
2019/09/10,01:30,0,0.0,0.0
2019/09/10,02:00,0,0.0,0.0
2019/09/10,02:30,0,0.0,0.0
2019/09/10,03:00,0,0.0,0.0
2019/09/10,03:30,0,0.0,0.0
2019/09/10,04:00,0,0.0,0.0
2019/09/10,04:30,0,0.0,0.0
2019/09/10,05:00,0,0.0,0.0
2019/09/10,05:30,0,0.0,0.0
2019/09/10,06:00,0,0.0,0.0
2019/09/10,06:30,0,0.0,0.0
2019/09/10,07:00,30,35.0,5.0
2019/09/10,07:30,52,66.0,14.0
2019/09/10,08:00,76,76.0,0.0
2019/09/10,08:30,117,118.0,1.0
2019/09/10,09:00,145,150.0,5.0
2019/09/10,09:30,161,186.0,25.0
2019/09/10,10:00,162,186.0,24.0
2019/09/10,10:30,159,186.0,27.0
2019/09/10,11:00,151,151.0,0.0
2019/09/10,11:30,124,130.0,6.0
2019/09/10,12:00,109,146.0,37.0
2019/09/10,12:30,97,126.0,29.0
2019/09/10,13:00,85,87.0,2.0
2019/09/10,13:30,109,115.0,6.0
2019/09/10,14:00,118,148.0,30.0
2019/09/10,14:30,133,159.0,26.0
2019/09/10,15:00,127,160.0,33.0
2019/09/10,15:30,133,147.0,14.0
2019/09/10,16:00,125,129.0,4.0
2019/09/10,16:30,118,119.0,1.0
2019/09/10,17:00,115,119.0,4.0
2019/09/10,17:30,94,99.0,5.0
2019/09/10,18:00,88,89.0,1.0
2019/09/10,18:30,74,78.0,4.0
2019/09/10,19:00,54,67.0,13.0
2019/09/10,19:30,50,51.0,1.0
2019/09/10,20:00,44,51.0,7.0
2019/09/10,20:30,36,41.0,5.0
2019/09/10,21:00,39,41.0,2.0
2019/09/10,21:30,37,41.0,4.0
2019/09/10,22:00,31,31.0,0.0
2019/09/10,22:30,27,31.0,4.0
2019/09/10,23:00,20,20.0,0.0
2019/09/10,23:30,0,0.0,0.0
2019/09/11,00:00,0,0.0,0.0
2019/09/11,00:30,0,0.0,0.0
2019/09/11,01:00,0,0.0,0.0
2019/09/11,01:30,0,0.0,0.0
2019/09/11,02:00,0,0.0,0.0
2019/09/11,02:30,0,0.0,0.0
2019/09/11,03:00,0,0.0,0.0
2019/09/11,03:30,0,0.0,0.0
2019/09/11,04:00,0,0.0,0.0
2019/09/11,04:30,0,0.0,0.0
2019/09/11,05:00,0,0.0,0.0
2019/09/11,05:30,0,0.0,0.0
2019/09/11,06:00,0,0.0,0.0
2019/09/11,06:30,0,0.0,0.0
2019/09/11,07:00,28,34.0,6.0
2019/09/11,07:30,47,69.0,22.0
2019/09/11,08:00,78,81.0,3.0
2019/09/11,08:30,109,111.0,2.0
2019/09/11,09:00,152,157.0,5.0
2019/09/11,09:30,149,187.0,38.0
2019/09/11,10:00,150,187.0,37.0
2019/09/11,10:30,148,187.0,39.0
2019/09/11,11:00,150,153.0,3.0
2019/09/11,11:30,114,118.0,4.0
2019/09/11,12:00,100,119.0,19.0
2019/09/11,12:30,80,122.0,42.0
2019/09/11,13:00,90,93.0,3.0
2019/09/11,13:30,102,133.0,31.0
2019/09/11,14:00,121,142.0,21.0
2019/09/11,14:30,124,164.0,40.0
2019/09/11,15:00,128,160.0,32.0
2019/09/11,15:30,131,148.0,17.0
2019/09/11,16:00,122,125.0,3.0
2019/09/11,16:30,108,125.0,17.0
2019/09/11,17:00,105,113.0,8.0
2019/09/11,17:30,85,94.0,9.0
2019/09/11,18:00,82,85.0,3.0
2019/09/11,18:30,72,76.0,4.0
2019/09/11,19:00,54,54.0,0.0
2019/09/11,19:30,52,55.0,3.0
2019/09/11,20:00,39,55.0,16.0
2019/09/11,20:30,39,55.0,16.0
2019/09/11,21:00,53,55.0,2.0
2019/09/11,21:30,35,43.0,8.0
2019/09/11,22:00,28,31.0,3.0
2019/09/11,22:30,23,31.0,8.0
2019/09/11,23:00,18,31.0,13.0
2019/09/11,23:30,0,0.0,0.0
2019/09/12,00:00,0,0.0,0.0
2019/09/12,00:30,0,0.0,0.0
2019/09/12,01:00,0,0.0,0.0
2019/09/12,01:30,0,0.0,0.0
2019/09/12,02:00,0,0.0,0.0
2019/09/12,02:30,0,0.0,0.0
2019/09/12,03:00,0,0.0,0.0
2019/09/12,03:30,0,0.0,0.0
2019/09/12,04:00,0,0.0,0.0
2019/09/12,04:30,0,0.0,0.0
2019/09/12,05:00,0,0.0,0.0
2019/09/12,05:30,0,0.0,0.0
2019/09/12,06:00,0,0.0,0.0
2019/09/12,06:30,0,0.0,0.0
2019/09/12,07:00,25,29.0,4.0
2019/09/12,07:30,45,56.0,11.0
2019/09/12,08:00,76,79.0,3.0
2019/09/12,08:30,107,108.0,1.0
2019/09/12,09:00,137,139.0,2.0
2019/09/12,09:30,151,177.0,26.0
2019/09/12,10:00,152,177.0,25.0
2019/09/12,10:30,148,177.0,29.0
2019/09/12,11:00,140,148.0,8.0
2019/09/12,11:30,119,121.0,2.0
2019/09/12,12:00,101,114.0,13.0
2019/09/12,12:30,86,125.0,39.0
2019/09/12,13:00,87,89.0,2.0
2019/09/12,13:30,95,123.0,28.0
2019/09/12,14:00,111,139.0,28.0
2019/09/12,14:30,120,151.0,31.0
2019/09/12,15:00,125,160.0,35.0
2019/09/12,15:30,124,133.0,9.0
2019/09/12,16:00,120,133.0,13.0
2019/09/12,16:30,127,133.0,6.0
2019/09/12,17:00,103,103.0,0.0
2019/09/12,17:30,95,98.0,3.0
2019/09/12,18:00,80,81.0,1.0
2019/09/12,18:30,72,76.0,4.0
2019/09/12,19:00,58,64.0,6.0
2019/09/12,19:30,49,50.0,1.0
2019/09/12,20:00,42,50.0,8.0
2019/09/12,20:30,49,50.0,1.0
2019/09/12,21:00,47,50.0,3.0
2019/09/12,21:30,40,40.0,0.0
2019/09/12,22:00,40,40.0,0.0
2019/09/12,22:30,30,31.0,1.0
2019/09/12,23:00,24,24.0,0.0
2019/09/12,23:30,0,0.0,0.0
2019/09/13,00:00,0,0.0,0.0
2019/09/13,00:30,0,0.0,0.0
2019/09/13,01:00,0,0.0,0.0
2019/09/13,01:30,0,0.0,0.0
2019/09/13,02:00,0,0.0,0.0
2019/09/13,02:30,0,0.0,0.0
2019/09/13,03:00,0,0.0,0.0
2019/09/13,03:30,0,0.0,0.0
2019/09/13,04:00,0,0.0,0.0
2019/09/13,04:30,0,0.0,0.0
2019/09/13,05:00,0,0.0,0.0
2019/09/13,05:30,0,0.0,0.0
2019/09/13,06:00,0,0.0,0.0
2019/09/13,06:30,0,0.0,0.0
2019/09/13,07:00,21,50.0,29.0
2019/09/13,07:30,31,83.0,52.0
2019/09/13,08:00,49,94.0,45.0
2019/09/13,08:30,78,99.0,21.0
2019/09/13,09:00,102,109.0,7.0
2019/09/13,09:30,106,181.0,75.0
2019/09/13,10:00,114,181.0,67.0
2019/09/13,10:30,115,181.0,66.0
2019/09/13,11:00,107,131.0,24.0
2019/09/13,11:30,97,98.0,1.0
2019/09/13,12:00,82,130.0,48.0
2019/09/13,12:30,76,155.0,79.0
2019/09/13,13:00,75,83.0,8.0
2019/09/13,13:30,78,104.0,26.0
2019/09/13,14:00,83,139.0,56.0
2019/09/13,14:30,84,146.0,62.0
2019/09/13,15:00,89,147.0,58.0
2019/09/13,15:30,87,96.0,9.0
2019/09/13,16:00,88,96.0,8.0
2019/09/13,16:30,83,96.0,13.0
2019/09/13,17:00,76,96.0,20.0
2019/09/13,17:30,72,75.0,3.0
2019/09/13,18:00,65,82.0,17.0
2019/09/13,18:30,47,63.0,16.0
2019/09/13,19:00,39,56.0,17.0
2019/09/13,19:30,32,44.0,12.0
2019/09/13,20:00,27,44.0,17.0
2019/09/13,20:30,35,44.0,9.0
2019/09/13,21:00,36,44.0,8.0
2019/09/13,21:30,30,44.0,14.0
2019/09/13,22:00,27,33.0,6.0
2019/09/13,22:30,21,21.0,0.0
2019/09/13,23:00,17,21.0,4.0
2019/09/13,23:30,0,0.0,0.0
2019/09/14,00:00,0,0.0,0.0
2019/09/14,00:30,0,0.0,0.0
2019/09/14,01:00,0,0.0,0.0
2019/09/14,01:30,0,0.0,0.0
2019/09/14,02:00,0,0.0,0.0
2019/09/14,02:30,0,0.0,0.0
2019/09/14,03:00,0,0.0,0.0
2019/09/14,03:30,0,0.0,0.0
2019/09/14,04:00,0,0.0,0.0
2019/09/14,04:30,0,0.0,0.0
2019/09/14,05:00,0,0.0,0.0
2019/09/14,05:30,0,0.0,0.0
2019/09/14,06:00,0,0.0,0.0
2019/09/14,06:30,0,0.0,0.0
2019/09/14,07:00,26,32.0,6.0
2019/09/14,07:30,33,64.0,31.0
2019/09/14,08:00,54,69.0,15.0
2019/09/14,08:30,85,86.0,1.0
2019/09/14,09:00,108,108.0,0.0
2019/09/14,09:30,124,163.0,39.0
2019/09/14,10:00,127,163.0,36.0
2019/09/14,10:30,121,163.0,42.0
2019/09/14,11:00,119,131.0,12.0
2019/09/14,11:30,109,111.0,2.0
2019/09/14,12:00,98,138.0,40.0
2019/09/14,12:30,80,141.0,61.0
2019/09/14,13:00,85,92.0,7.0
2019/09/14,13:30,93,116.0,23.0
2019/09/14,14:00,92,128.0,36.0
2019/09/14,14:30,92,150.0,58.0
2019/09/14,15:00,98,149.0,51.0
2019/09/14,15:30,90,129.0,39.0
2019/09/14,16:00,88,117.0,29.0
2019/09/14,16:30,94,105.0,11.0
2019/09/14,17:00,88,100.0,12.0
2019/09/14,17:30,78,90.0,12.0
2019/09/14,18:00,66,89.0,23.0
2019/09/14,18:30,62,67.0,5.0
2019/09/14,19:00,41,67.0,26.0
2019/09/14,19:30,38,66.0,28.0
2019/09/14,20:00,36,66.0,30.0
2019/09/14,20:30,37,54.0,17.0
2019/09/14,21:00,39,54.0,15.0
2019/09/14,21:30,35,54.0,19.0
2019/09/14,22:00,30,30.0,0.0
2019/09/14,22:30,26,30.0,4.0
2019/09/14,23:00,20,30.0,10.0
2019/09/14,23:30,0,0.0,0.0
2019/09/15,00:00,0,0.0,0.0
2019/09/15,00:30,0,0.0,0.0
2019/09/15,01:00,0,0.0,0.0
2019/09/15,01:30,0,0.0,0.0
2019/09/15,02:00,0,0.0,0.0
2019/09/15,02:30,0,0.0,0.0
2019/09/15,03:00,0,0.0,0.0
2019/09/15,03:30,0,0.0,0.0
2019/09/15,04:00,0,0.0,0.0
2019/09/15,04:30,0,0.0,0.0
2019/09/15,05:00,0,0.0,0.0
2019/09/15,05:30,0,0.0,0.0
2019/09/15,06:00,0,0.0,0.0
2019/09/15,06:30,0,0.0,0.0
2019/09/15,07:00,19,36.0,17.0
2019/09/15,07:30,33,60.0,27.0
2019/09/15,08:00,50,70.0,20.0
2019/09/15,08:30,78,85.0,7.0
2019/09/15,09:00,104,108.0,4.0
2019/09/15,09:30,124,178.0,54.0
2019/09/15,10:00,133,178.0,45.0
2019/09/15,10:30,126,178.0,52.0
2019/09/15,11:00,118,142.0,24.0
2019/09/15,11:30,110,118.0,8.0
2019/09/15,12:00,85,129.0,44.0
2019/09/15,12:30,80,153.0,73.0
2019/09/15,13:00,83,95.0,12.0
2019/09/15,13:30,88,110.0,22.0
2019/09/15,14:00,88,110.0,22.0
2019/09/15,14:30,99,145.0,46.0
2019/09/15,15:00,96,127.0,31.0
2019/09/15,15:30,100,103.0,3.0
2019/09/15,16:00,102,103.0,1.0
2019/09/15,16:30,103,103.0,0.0
2019/09/15,17:00,88,93.0,5.0
2019/09/15,17:30,75,83.0,8.0
2019/09/15,18:00,70,83.0,13.0
2019/09/15,18:30,66,70.0,4.0
2019/09/15,19:00,47,58.0,11.0
2019/09/15,19:30,49,65.0,16.0
2019/09/15,20:00,49,65.0,16.0
2019/09/15,20:30,48,65.0,17.0
2019/09/15,21:00,53,65.0,12.0
2019/09/15,21:30,42,65.0,23.0
2019/09/15,22:00,32,35.0,3.0
2019/09/15,22:30,28,35.0,7.0
2019/09/15,23:00,17,25.0,8.0
2019/09/15,23:30,0,0.0,0.0
2019/09/16,00:00,0,0.0,0.0
2019/09/16,00:30,0,0.0,0.0
2019/09/16,01:00,0,0.0,0.0
2019/09/16,01:30,0,0.0,0.0
2019/09/16,02:00,0,0.0,0.0
2019/09/16,02:30,0,0.0,0.0
2019/09/16,03:00,0,0.0,0.0
2019/09/16,03:30,0,0.0,0.0
2019/09/16,04:00,0,0.0,0.0
2019/09/16,04:30,0,0.0,0.0
2019/09/16,05:00,0,0.0,0.0
2019/09/16,05:30,0,0.0,0.0
2019/09/16,06:00,0,0.0,0.0
2019/09/16,06:30,0,0.0,0.0
2019/09/16,07:00,29,30.0,1.0
2019/09/16,07:30,56,60.0,4.0
2019/09/16,08:00,93,97.0,4.0
2019/09/16,08:30,128,129.0,1.0
2019/09/16,09:00,183,183.0,0.0
2019/09/16,09:30,192,215.0,23.0
2019/09/16,10:00,184,215.0,31.0
2019/09/16,10:30,183,215.0,32.0
2019/09/16,11:00,178,185.0,7.0
2019/09/16,11:30,160,160.0,0.0
2019/09/16,12:00,123,153.0,30.0
2019/09/16,12:30,96,108.0,12.0
2019/09/16,13:00,99,102.0,3.0
2019/09/16,13:30,113,121.0,8.0
2019/09/16,14:00,133,166.0,33.0
2019/09/16,14:30,150,187.0,37.0
2019/09/16,15:00,157,179.0,22.0
2019/09/16,15:30,148,179.0,31.0
2019/09/16,16:00,139,144.0,5.0
2019/09/16,16:30,127,144.0,17.0
2019/09/16,17:00,118,124.0,6.0
2019/09/16,17:30,102,105.0,3.0
2019/09/16,18:00,91,91.0,0.0
2019/09/16,18:30,75,78.0,3.0
2019/09/16,19:00,53,57.0,4.0
2019/09/16,19:30,44,54.0,10.0
2019/09/16,20:00,43,54.0,11.0
2019/09/16,20:30,38,49.0,11.0
2019/09/16,21:00,42,49.0,7.0
2019/09/16,21:30,35,37.0,2.0
2019/09/16,22:00,26,27.0,1.0
2019/09/16,22:30,18,19.0,1.0
2019/09/16,23:00,17,19.0,2.0
2019/09/16,23:30,0,0.0,0.0
2019/09/17,00:00,0,0.0,0.0
2019/09/17,00:30,0,0.0,0.0
2019/09/17,01:00,0,0.0,0.0
2019/09/17,01:30,0,0.0,0.0
2019/09/17,02:00,0,0.0,0.0
2019/09/17,02:30,0,0.0,0.0
2019/09/17,03:00,0,0.0,0.0
2019/09/17,03:30,0,0.0,0.0
2019/09/17,04:00,0,0.0,0.0
2019/09/17,04:30,0,0.0,0.0
2019/09/17,05:00,0,0.0,0.0
2019/09/17,05:30,0,0.0,0.0
2019/09/17,06:00,0,0.0,0.0
2019/09/17,06:30,0,0.0,0.0
2019/09/17,07:00,28,36.0,8.0
2019/09/17,07:30,49,56.0,7.0
2019/09/17,08:00,82,86.0,4.0
2019/09/17,08:30,124,127.0,3.0
2019/09/17,09:00,154,155.0,1.0
2019/09/17,09:30,168,195.0,27.0
2019/09/17,10:00,175,195.0,20.0
2019/09/17,10:30,166,195.0,29.0
2019/09/17,11:00,153,159.0,6.0
2019/09/17,11:30,139,144.0,5.0
2019/09/17,12:00,101,105.0,4.0
2019/09/17,12:30,93,109.0,16.0
2019/09/17,13:00,94,98.0,4.0
2019/09/17,13:30,113,128.0,15.0
2019/09/17,14:00,130,148.0,18.0
2019/09/17,14:30,132,148.0,16.0
2019/09/17,15:00,152,176.0,24.0
2019/09/17,15:30,141,152.0,11.0
2019/09/17,16:00,131,132.0,1.0
2019/09/17,16:30,124,127.0,3.0
2019/09/17,17:00,108,108.0,0.0
2019/09/17,17:30,95,97.0,2.0
2019/09/17,18:00,85,86.0,1.0
2019/09/17,18:30,71,73.0,2.0
2019/09/17,19:00,51,73.0,22.0
2019/09/17,19:30,46,49.0,3.0
2019/09/17,20:00,37,49.0,12.0
2019/09/17,20:30,40,44.0,4.0
2019/09/17,21:00,38,44.0,6.0
2019/09/17,21:30,31,33.0,2.0
2019/09/17,22:00,22,23.0,1.0
2019/09/17,22:30,23,23.0,0.0
2019/09/17,23:00,16,16.0,0.0
2019/09/17,23:30,0,0.0,0.0
2019/09/18,00:00,0,0.0,0.0
2019/09/18,00:30,0,0.0,0.0
2019/09/18,01:00,0,0.0,0.0
2019/09/18,01:30,0,0.0,0.0
2019/09/18,02:00,0,0.0,0.0
2019/09/18,02:30,0,0.0,0.0
2019/09/18,03:00,0,0.0,0.0
2019/09/18,03:30,0,0.0,0.0
2019/09/18,04:00,0,0.0,0.0
2019/09/18,04:30,0,0.0,0.0
2019/09/18,05:00,0,0.0,0.0
2019/09/18,05:30,0,0.0,0.0
2019/09/18,06:00,0,0.0,0.0
2019/09/18,06:30,0,0.0,0.0
2019/09/18,07:00,25,30.0,5.0
2019/09/18,07:30,43,62.0,19.0
2019/09/18,08:00,74,74.0,0.0
2019/09/18,08:30,114,117.0,3.0
2019/09/18,09:00,144,145.0,1.0
2019/09/18,09:30,159,199.0,40.0
2019/09/18,10:00,162,199.0,37.0
2019/09/18,10:30,165,199.0,34.0
2019/09/18,11:00,151,169.0,18.0
2019/09/18,11:30,130,137.0,7.0
2019/09/18,12:00,100,123.0,23.0
2019/09/18,12:30,91,112.0,21.0
2019/09/18,13:00,91,92.0,1.0
2019/09/18,13:30,98,124.0,26.0
2019/09/18,14:00,123,135.0,12.0
2019/09/18,14:30,132,150.0,18.0
2019/09/18,15:00,132,156.0,24.0
2019/09/18,15:30,132,156.0,24.0
2019/09/18,16:00,127,137.0,10.0
2019/09/18,16:30,117,124.0,7.0
2019/09/18,17:00,102,112.0,10.0
2019/09/18,17:30,94,116.0,22.0
2019/09/18,18:00,82,84.0,2.0
2019/09/18,18:30,70,72.0,2.0
2019/09/18,19:00,50,67.0,17.0
2019/09/18,19:30,42,49.0,7.0
2019/09/18,20:00,36,49.0,13.0
2019/09/18,20:30,41,49.0,8.0
2019/09/18,21:00,39,49.0,10.0
2019/09/18,21:30,34,40.0,6.0
2019/09/18,22:00,27,27.0,0.0
2019/09/18,22:30,23,27.0,4.0
2019/09/18,23:00,18,18.0,0.0
2019/09/18,23:30,0,0.0,0.0
2019/09/19,00:00,0,0.0,0.0
2019/09/19,00:30,0,0.0,0.0
2019/09/19,01:00,0,0.0,0.0
2019/09/19,01:30,0,0.0,0.0
2019/09/19,02:00,0,0.0,0.0
2019/09/19,02:30,0,0.0,0.0
2019/09/19,03:00,0,0.0,0.0
2019/09/19,03:30,0,0.0,0.0
2019/09/19,04:00,0,0.0,0.0
2019/09/19,04:30,0,0.0,0.0
2019/09/19,05:00,0,0.0,0.0
2019/09/19,05:30,0,0.0,0.0
2019/09/19,06:00,0,0.0,0.0
2019/09/19,06:30,0,0.0,0.0
2019/09/19,07:00,25,37.0,12.0
2019/09/19,07:30,39,57.0,18.0
2019/09/19,08:00,69,77.0,8.0
2019/09/19,08:30,109,111.0,2.0
2019/09/19,09:00,142,142.0,0.0
2019/09/19,09:30,154,186.0,32.0
2019/09/19,10:00,158,186.0,28.0
2019/09/19,10:30,155,186.0,31.0
2019/09/19,11:00,148,149.0,1.0
2019/09/19,11:30,127,129.0,2.0
2019/09/19,12:00,98,134.0,36.0
2019/09/19,12:30,84,132.0,48.0
2019/09/19,13:00,90,103.0,13.0
2019/09/19,13:30,99,111.0,12.0
2019/09/19,14:00,116,133.0,17.0
2019/09/19,14:30,128,153.0,25.0
2019/09/19,15:00,131,150.0,19.0
2019/09/19,15:30,129,130.0,1.0
2019/09/19,16:00,129,130.0,1.0
2019/09/19,16:30,116,125.0,9.0
2019/09/19,17:00,103,105.0,2.0
2019/09/19,17:30,91,99.0,8.0
2019/09/19,18:00,82,87.0,5.0
2019/09/19,18:30,70,70.0,0.0
2019/09/19,19:00,48,60.0,12.0
2019/09/19,19:30,42,43.0,1.0
2019/09/19,20:00,36,43.0,7.0
2019/09/19,20:30,35,43.0,8.0
2019/09/19,21:00,36,43.0,7.0
2019/09/19,21:30,31,32.0,1.0
2019/09/19,22:00,27,32.0,5.0
2019/09/19,22:30,22,32.0,10.0
2019/09/19,23:00,17,17.0,0.0
2019/09/19,23:30,0,0.0,0.0
2019/09/20,00:00,0,0.0,0.0
2019/09/20,00:30,0,0.0,0.0
2019/09/20,01:00,0,0.0,0.0
2019/09/20,01:30,0,0.0,0.0
2019/09/20,02:00,0,0.0,0.0
2019/09/20,02:30,0,0.0,0.0
2019/09/20,03:00,0,0.0,0.0
2019/09/20,03:30,0,0.0,0.0
2019/09/20,04:00,0,0.0,0.0
2019/09/20,04:30,0,0.0,0.0
2019/09/20,05:00,0,0.0,0.0
2019/09/20,05:30,0,0.0,0.0
2019/09/20,06:00,0,0.0,0.0
2019/09/20,06:30,0,0.0,0.0
2019/09/20,07:00,24,37.0,13.0
2019/09/20,07:30,44,79.0,35.0
2019/09/20,08:00,71,79.0,8.0
2019/09/20,08:30,110,111.0,1.0
2019/09/20,09:00,145,152.0,7.0
2019/09/20,09:30,154,196.0,42.0
2019/09/20,10:00,159,196.0,37.0
2019/09/20,10:30,162,196.0,34.0
2019/09/20,11:00,149,159.0,10.0
2019/09/20,11:30,128,128.0,0.0
2019/09/20,12:00,96,133.0,37.0
2019/09/20,12:30,86,121.0,35.0
2019/09/20,13:00,90,90.0,0.0
2019/09/20,13:30,99,152.0,53.0
2019/09/20,14:00,119,175.0,56.0
2019/09/20,14:30,129,188.0,59.0
2019/09/20,15:00,131,177.0,46.0
2019/09/20,15:30,132,166.0,34.0
2019/09/20,16:00,131,135.0,4.0
2019/09/20,16:30,120,124.0,4.0
2019/09/20,17:00,109,124.0,15.0
2019/09/20,17:30,97,105.0,8.0
2019/09/20,18:00,87,96.0,9.0
2019/09/20,18:30,73,73.0,0.0
2019/09/20,19:00,52,60.0,8.0
2019/09/20,19:30,44,64.0,20.0
2019/09/20,20:00,38,64.0,26.0
2019/09/20,20:30,40,53.0,13.0
2019/09/20,21:00,41,53.0,12.0
2019/09/20,21:30,33,53.0,20.0
2019/09/20,22:00,30,35.0,5.0
2019/09/20,22:30,25,30.0,5.0
2019/09/20,23:00,19,30.0,11.0
2019/09/20,23:30,0,0.0,0.0
2019/09/21,00:00,0,0.0,0.0
2019/09/21,00:30,0,0.0,0.0
2019/09/21,01:00,0,0.0,0.0
2019/09/21,01:30,0,0.0,0.0
2019/09/21,02:00,0,0.0,0.0
2019/09/21,02:30,0,0.0,0.0
2019/09/21,03:00,0,0.0,0.0
2019/09/21,03:30,0,0.0,0.0
2019/09/21,04:00,0,0.0,0.0
2019/09/21,04:30,0,0.0,0.0
2019/09/21,05:00,0,0.0,0.0
2019/09/21,05:30,0,0.0,0.0
2019/09/21,06:00,0,0.0,0.0
2019/09/21,06:30,0,0.0,0.0
2019/09/21,07:00,24,41.0,17.0
2019/09/21,07:30,38,61.0,23.0
2019/09/21,08:00,58,66.0,8.0
2019/09/21,08:30,86,89.0,3.0
2019/09/21,09:00,113,125.0,12.0
2019/09/21,09:30,119,175.0,56.0
2019/09/21,10:00,127,175.0,48.0
2019/09/21,10:30,124,175.0,51.0
2019/09/21,11:00,117,134.0,17.0
2019/09/21,11:30,109,114.0,5.0
2019/09/21,12:00,93,127.0,34.0
2019/09/21,12:30,78,117.0,39.0
2019/09/21,13:00,82,82.0,0.0
2019/09/21,13:30,86,113.0,27.0
2019/09/21,14:00,93,123.0,30.0
2019/09/21,14:30,101,166.0,65.0
2019/09/21,15:00,100,134.0,34.0
2019/09/21,15:30,101,134.0,33.0
2019/09/21,16:00,96,114.0,18.0
2019/09/21,16:30,90,114.0,24.0
2019/09/21,17:00,84,102.0,18.0
2019/09/21,17:30,75,75.0,0.0
2019/09/21,18:00,66,75.0,9.0
2019/09/21,18:30,60,63.0,3.0
2019/09/21,19:00,39,45.0,6.0
2019/09/21,19:30,36,48.0,12.0
2019/09/21,20:00,32,48.0,16.0
2019/09/21,20:30,35,48.0,13.0
2019/09/21,21:00,37,48.0,11.0
2019/09/21,21:30,33,48.0,15.0
2019/09/21,22:00,28,35.0,7.0
2019/09/21,22:30,22,24.0,2.0
2019/09/21,23:00,19,24.0,5.0
2019/09/21,23:30,0,0.0,0.0
2019/09/22,00:00,0,0.0,0.0
2019/09/22,00:30,0,0.0,0.0
2019/09/22,01:00,0,0.0,0.0
2019/09/22,01:30,0,0.0,0.0
2019/09/22,02:00,0,0.0,0.0
2019/09/22,02:30,0,0.0,0.0
2019/09/22,03:00,0,0.0,0.0
2019/09/22,03:30,0,0.0,0.0
2019/09/22,04:00,0,0.0,0.0
2019/09/22,04:30,0,0.0,0.0
2019/09/22,05:00,0,0.0,0.0
2019/09/22,05:30,0,0.0,0.0
2019/09/22,06:00,0,0.0,0.0
2019/09/22,06:30,0,0.0,0.0
2019/09/22,07:00,21,38.0,17.0
2019/09/22,07:30,30,72.0,42.0
2019/09/22,08:00,51,72.0,21.0
2019/09/22,08:30,78,90.0,12.0
2019/09/22,09:00,102,104.0,2.0
2019/09/22,09:30,111,162.0,51.0
2019/09/22,10:00,111,162.0,51.0
2019/09/22,10:30,111,162.0,51.0
2019/09/22,11:00,103,124.0,21.0
2019/09/22,11:30,94,95.0,1.0
2019/09/22,12:00,83,85.0,2.0
2019/09/22,12:30,75,135.0,60.0
2019/09/22,13:00,79,84.0,5.0
2019/09/22,13:30,80,123.0,43.0
2019/09/22,14:00,90,132.0,42.0
2019/09/22,14:30,90,132.0,42.0
2019/09/22,15:00,92,160.0,68.0
2019/09/22,15:30,90,96.0,6.0
2019/09/22,16:00,91,96.0,5.0
2019/09/22,16:30,86,91.0,5.0
2019/09/22,17:00,78,91.0,13.0
2019/09/22,17:30,75,78.0,3.0
2019/09/22,18:00,67,72.0,5.0
2019/09/22,18:30,61,63.0,2.0
2019/09/22,19:00,42,63.0,21.0
2019/09/22,19:30,38,50.0,12.0
2019/09/22,20:00,33,50.0,17.0
2019/09/22,20:30,39,45.0,6.0
2019/09/22,21:00,39,45.0,6.0
2019/09/22,21:30,36,45.0,9.0
2019/09/22,22:00,30,33.0,3.0
2019/09/22,22:30,23,23.0,0.0
2019/09/22,23:00,18,23.0,5.0
2019/09/22,23:30,0,0.0,0.0
2019/09/23,00:00,0,0.0,0.0
2019/09/23,00:30,0,0.0,0.0
2019/09/23,01:00,0,0.0,0.0
2019/09/23,01:30,0,0.0,0.0
2019/09/23,02:00,0,0.0,0.0
2019/09/23,02:30,0,0.0,0.0
2019/09/23,03:00,0,0.0,0.0
2019/09/23,03:30,0,0.0,0.0
2019/09/23,04:00,0,0.0,0.0
2019/09/23,04:30,0,0.0,0.0
2019/09/23,05:00,0,0.0,0.0
2019/09/23,05:30,0,0.0,0.0
2019/09/23,06:00,0,0.0,0.0
2019/09/23,06:30,0,0.0,0.0
2019/09/23,07:00,29,38.0,9.0
2019/09/23,07:30,53,60.0,7.0
2019/09/23,08:00,81,90.0,9.0
2019/09/23,08:30,123,123.0,0.0
2019/09/23,09:00,171,172.0,1.0
2019/09/23,09:30,186,217.0,31.0
2019/09/23,10:00,192,217.0,25.0
2019/09/23,10:30,187,217.0,30.0
2019/09/23,11:00,178,179.0,1.0
2019/09/23,11:30,155,157.0,2.0
2019/09/23,12:00,122,145.0,23.0
2019/09/23,12:30,105,122.0,17.0
2019/09/23,13:00,105,105.0,0.0
2019/09/23,13:30,120,132.0,12.0
2019/09/23,14:00,140,155.0,15.0
2019/09/23,14:30,152,175.0,23.0
2019/09/23,15:00,154,172.0,18.0
2019/09/23,15:30,154,172.0,18.0
2019/09/23,16:00,150,150.0,0.0
2019/09/23,16:30,137,150.0,13.0
2019/09/23,17:00,124,132.0,8.0
2019/09/23,17:30,109,112.0,3.0
2019/09/23,18:00,97,100.0,3.0
2019/09/23,18:30,82,84.0,2.0
2019/09/23,19:00,53,64.0,11.0
2019/09/23,19:30,48,51.0,3.0
2019/09/23,20:00,39,51.0,12.0
2019/09/23,20:30,38,51.0,13.0
2019/09/23,21:00,40,51.0,11.0
2019/09/23,21:30,34,39.0,5.0
2019/09/23,22:00,29,29.0,0.0
2019/09/23,22:30,22,29.0,7.0
2019/09/23,23:00,16,22.0,6.0
2019/09/23,23:30,0,0.0,0.0
2019/09/24,00:00,0,0.0,0.0
2019/09/24,00:30,0,0.0,0.0
2019/09/24,01:00,0,0.0,0.0
2019/09/24,01:30,0,0.0,0.0
2019/09/24,02:00,0,0.0,0.0
2019/09/24,02:30,0,0.0,0.0
2019/09/24,03:00,0,0.0,0.0
2019/09/24,03:30,0,0.0,0.0
2019/09/24,04:00,0,0.0,0.0
2019/09/24,04:30,0,0.0,0.0
2019/09/24,05:00,0,0.0,0.0
2019/09/24,05:30,0,0.0,0.0
2019/09/24,06:00,0,0.0,0.0
2019/09/24,06:30,0,0.0,0.0
2019/09/24,07:00,26,42.0,16.0
2019/09/24,07:30,46,53.0,7.0
2019/09/24,08:00,77,83.0,6.0
2019/09/24,08:30,117,123.0,6.0
2019/09/24,09:00,155,155.0,0.0
2019/09/24,09:30,168,199.0,31.0
2019/09/24,10:00,177,199.0,22.0
2019/09/24,10:30,169,199.0,30.0
2019/09/24,11:00,157,157.0,0.0
2019/09/24,11:30,145,156.0,11.0
2019/09/24,12:00,111,138.0,27.0
2019/09/24,12:30,93,128.0,35.0
2019/09/24,13:00,92,98.0,6.0
2019/09/24,13:30,104,143.0,39.0
2019/09/24,14:00,127,153.0,26.0
2019/09/24,14:30,140,175.0,35.0
2019/09/24,15:00,144,157.0,13.0
2019/09/24,15:30,144,147.0,3.0
2019/09/24,16:00,131,136.0,5.0
2019/09/24,16:30,127,136.0,9.0
2019/09/24,17:00,112,116.0,4.0
2019/09/24,17:30,100,116.0,16.0
2019/09/24,18:00,91,91.0,0.0
2019/09/24,18:30,75,75.0,0.0
2019/09/24,19:00,55,64.0,9.0
2019/09/24,19:30,45,60.0,15.0
2019/09/24,20:00,37,60.0,23.0
2019/09/24,20:30,42,60.0,18.0
2019/09/24,21:00,41,50.0,9.0
2019/09/24,21:30,33,50.0,17.0
2019/09/24,22:00,27,30.0,3.0
2019/09/24,22:30,23,25.0,2.0
2019/09/24,23:00,18,20.0,2.0
2019/09/24,23:30,0,0.0,0.0
2019/09/25,00:00,0,0.0,0.0
2019/09/25,00:30,0,0.0,0.0
2019/09/25,01:00,0,0.0,0.0
2019/09/25,01:30,0,0.0,0.0
2019/09/25,02:00,0,0.0,0.0
2019/09/25,02:30,0,0.0,0.0
2019/09/25,03:00,0,0.0,0.0
2019/09/25,03:30,0,0.0,0.0
2019/09/25,04:00,0,0.0,0.0
2019/09/25,04:30,0,0.0,0.0
2019/09/25,05:00,0,0.0,0.0
2019/09/25,05:30,0,0.0,0.0
2019/09/25,06:00,0,0.0,0.0
2019/09/25,06:30,0,0.0,0.0
2019/09/25,07:00,26,26.0,0.0
2019/09/25,07:30,43,56.0,13.0
2019/09/25,08:00,76,80.0,4.0
2019/09/25,08:30,116,122.0,6.0
2019/09/25,09:00,146,146.0,0.0
2019/09/25,09:30,162,183.0,21.0
2019/09/25,10:00,165,183.0,18.0
2019/09/25,10:30,168,183.0,15.0
2019/09/25,11:00,154,157.0,3.0
2019/09/25,11:30,132,139.0,7.0
2019/09/25,12:00,102,129.0,27.0
2019/09/25,12:30,92,129.0,37.0
2019/09/25,13:00,93,100.0,7.0
2019/09/25,13:30,100,114.0,14.0
2019/09/25,14:00,126,156.0,30.0
2019/09/25,14:30,134,169.0,35.0
2019/09/25,15:00,135,184.0,49.0
2019/09/25,15:30,134,142.0,8.0
2019/09/25,16:00,129,142.0,13.0
2019/09/25,16:30,119,130.0,11.0
2019/09/25,17:00,104,106.0,2.0
2019/09/25,17:30,96,96.0,0.0
2019/09/25,18:00,84,85.0,1.0
2019/09/25,18:30,71,73.0,2.0
2019/09/25,19:00,51,60.0,9.0
2019/09/25,19:30,43,53.0,10.0
2019/09/25,20:00,37,53.0,16.0
2019/09/25,20:30,41,41.0,0.0
2019/09/25,21:00,40,41.0,1.0
2019/09/25,21:30,34,41.0,7.0
2019/09/25,22:00,27,30.0,3.0
2019/09/25,22:30,24,30.0,6.0
2019/09/25,23:00,19,22.0,3.0
2019/09/25,23:30,0,0.0,0.0
